system,policy,length,n_samples,all3_win_rate,ratio_nmse_q_mean,ratio_nmse_q_std,imp_nmse_q_mean,imp_nmse_q_std,ratio_nmse_p_mean,ratio_nmse_p_std,imp_nmse_p_mean,imp_nmse_p_std,ratio_hamres_mean,ratio_hamres_std,imp_hamres_mean,imp_hamres_std
2dof,gp,50,100,0.96,0.11167379124355968,0.3441353180491351,0.98,0.14070529413628968,0.08175967875491942,0.23082503321820186,0.98,0.14070529413628968,0.03971536694219935,0.06577231142629604,1.0,0.0
2dof,gp,100,100,0.9,0.3224432841447442,0.4724960000116019,0.91,0.28762349126466136,0.19892859245643377,0.2958751995601934,0.97,0.1714466079977653,0.043107837790530255,0.06013718696053001,1.0,0.0
2dof,gp,150,100,0.89,0.3321909148309614,0.36116859294862985,0.94,0.23868325657594205,0.2613144280040561,0.35424524187815826,0.95,0.21904291355759034,0.02912043750469839,0.02598397325949254,1.0,0.0
2dof,gp,200,100,0.82,0.45175298856696045,0.618297682679714,0.88,0.32659863237109044,0.3465150264463071,0.44974607257482896,0.9,0.30151134457776363,0.027209209305782408,0.022760158774909216,1.0,0.0
2dof,gp,250,100,0.86,0.438292948623664,0.5581098054688199,0.89,0.3144660377352202,0.268453626660429,0.4316976185520739,0.97,0.17144660799776526,0.026380878592786105,0.03141571293125029,1.0,0.0
2dof,gp,300,100,0.78,0.41195103286568907,0.6262782337196701,0.91,0.2876234912646614,0.44627606502521794,0.5246842417570684,0.85,0.3588702812826367,0.023968065049036986,0.02086182456697067,1.0,0.0
2dof,gp,350,100,0.75,0.4726574371757837,0.5405452900069347,0.88,0.3265986323710904,0.47084908985025764,0.4291936445670761,0.82,0.38612291966536905,0.025052681388249537,0.023567048588009235,1.0,0.0
2dof,gp,400,100,0.83,0.41109039637382805,0.6389376067270551,0.92,0.2726599243442907,0.4436574274522244,0.3985509780007944,0.88,0.3265986323710903,0.03421882920364263,0.03372875494443879,1.0,0.0
2dof,gp,450,100,0.73,0.48298366504360685,0.694736630391282,0.89,0.3144660377352202,0.6074970314697657,0.46261487715113553,0.81,0.3942772444036626,0.03883771912530209,0.0471103061140971,1.0,0.0
2dof,gp,500,100,0.58,0.7319247415182915,1.012385582550982,0.77,0.4229525846816506,0.7693704278186365,0.6027608737615604,0.73,0.4461960433384737,0.046893025808294866,0.054635584146977764,1.0,0.0
2dof,gp,550,100,0.55,0.748363449478928,1.1553939533533768,0.81,0.3942772444036626,0.8780742834660566,0.6524974807387934,0.62,0.4878317312145634,0.046936338240222385,0.054117456568303746,1.0,0.0
2dof,gp,600,100,0.56,0.8441915170466455,1.335861572797626,0.77,0.42295258468165065,0.8977953648263773,0.7407373966121069,0.68,0.4688261722621507,0.04439575321543931,0.04453119528472871,1.0,0.0
2dof,gp,650,100,0.55,0.8961342908889034,1.9049711625000656,0.77,0.42295258468165065,0.9659379573335483,0.7323505327281385,0.64,0.4824181513244217,0.04899622324552493,0.04648267942872429,1.0,0.0
2dof,gp,700,100,0.51,0.775598877094722,1.1908605028081956,0.78,0.4163331998932264,0.9618758112592657,0.685124191276426,0.61,0.4902071300001974,0.06186803412117392,0.03501899692521027,1.0,0.0
2dof,gp,750,100,0.49,0.911204263609564,1.7737232356599297,0.78,0.4163331998932265,0.8908937480140209,0.6153943963459498,0.62,0.4878317312145633,0.09566007947755112,0.060582685076416815,1.0,0.0
2dof,gp,800,100,0.59,0.8677110338463393,1.3378694775756592,0.81,0.39427724440366246,0.908942211140083,0.6293900512549586,0.65,0.4793724854411023,0.1096883284490249,0.0730301311791031,1.0,0.0
2dof,gp,850,100,0.58,0.7041085312372601,0.8232610394308982,0.76,0.4292346959909279,0.8994171506704451,0.6559468395586665,0.7,0.46056618647183817,0.1139906748705397,0.08567525570530761,1.0,0.0
2dof,gp,900,100,0.51,0.9874148723599508,1.5082017852570415,0.7,0.46056618647183817,0.8801275880871379,0.4668209801968436,0.65,0.47937248544110217,0.13182068062988073,0.08906268206112432,1.0,0.0
2dof,gp,950,100,0.45,1.0673059502946227,1.178224630444105,0.64,0.4824181513244217,0.8953361403969101,0.4606896542204933,0.64,0.48241815132442184,0.18256857585307185,0.10918990045869335,1.0,0.0
2dof,gp,1000,100,0.52,0.8578835305471394,1.0495069994637183,0.73,0.4461960433384738,0.8397473428073476,0.41563386128601576,0.65,0.4793724854411023,0.18399590006873226,0.08982700055282462,1.0,0.0
2dof,sinusoidal,50,100,0.97,0.17276873592700384,0.6619089128858165,0.98,0.14070529413628968,0.09769451328462328,0.23934126852010393,0.99,0.1,0.03788003460290399,0.05913549038200425,1.0,0.0
2dof,sinusoidal,100,100,0.87,0.281157440708379,0.34563552024850147,0.92,0.2726599243442907,0.20818574177213542,0.3122735616401211,0.94,0.23868325657594205,0.036436388825619864,0.04256478264609781,1.0,0.0
2dof,sinusoidal,150,100,0.86,0.39682144282898535,0.4672578798020302,0.91,0.28762349126466136,0.2819794086862386,0.31337298864613783,0.94,0.23868325657594208,0.030057824808115856,0.03293828993054119,1.0,0.0
2dof,sinusoidal,200,100,0.84,0.4356359547938511,0.5735589447450858,0.91,0.28762349126466136,0.36266327031975293,0.4165917787616274,0.91,0.28762349126466136,0.026938292806599554,0.026133647838555516,1.0,0.0
2dof,sinusoidal,250,100,0.95,0.38597443701041706,0.4163565787522097,0.95,0.21904291355759034,0.2613859343326282,0.30980270370952023,0.99,0.09999999999999999,0.02155281321498868,0.02365287191996366,1.0,0.0
2dof,sinusoidal,300,100,0.82,0.429844050786426,0.5056995632416625,0.9,0.30151134457776363,0.4596916301969179,0.6453501119315435,0.91,0.28762349126466136,0.01819025443749142,0.016823395340365924,1.0,0.0
2dof,sinusoidal,350,100,0.78,0.5616941701163347,0.7446466015812045,0.85,0.35887028128263676,0.579692488325458,0.8644099802866739,0.89,0.3144660377352201,0.020285241815587864,0.0227116273495503,1.0,0.0
2dof,sinusoidal,400,100,0.73,0.5382048826582825,0.8430579784570911,0.84,0.3684529491774706,0.5082800100337684,0.570230088833366,0.86,0.34873508801977704,0.024064043188020853,0.028684731643398242,1.0,0.0
2dof,sinusoidal,450,100,0.75,0.5131165911538842,0.5366574319304385,0.85,0.35887028128263676,0.46655480643074626,0.4912710307449173,0.88,0.3265986323710904,0.02081407383433515,0.019619755532625485,1.0,0.0
2dof,sinusoidal,500,100,0.75,0.5836484494084041,0.6149182524134722,0.84,0.36845294917747073,0.5066516996115278,0.5525423410016089,0.86,0.348735088019777,0.018840696847929845,0.01762217289031323,1.0,0.0
2dof,sinusoidal,550,100,0.7,0.6375502298410053,0.8212652206326873,0.84,0.3684529491774706,0.5742766331931056,0.6094187691034714,0.83,0.37752516806863684,0.02288056417635499,0.025302047914177134,1.0,0.0
2dof,sinusoidal,600,100,0.68,0.7844176636398431,1.4425120194641285,0.78,0.4163331998932266,0.6244707999638588,0.6736974764949384,0.81,0.3942772444036626,0.024153308277684117,0.020663199502532262,1.0,0.0
2dof,sinusoidal,650,100,0.78,0.5589146184815462,0.7579154998593536,0.9,0.30151134457776363,0.5874768905443981,0.5573802439545266,0.86,0.3487350880197771,0.0242039370933082,0.024002551247551945,1.0,0.0
2dof,sinusoidal,700,100,0.64,0.5825729687199288,0.8154930181032315,0.85,0.35887028128263665,0.7190801178961569,0.6000170574729391,0.75,0.4351941398892446,0.0395088128070374,0.023960160272765065,1.0,0.0
2dof,sinusoidal,750,100,0.71,0.8119565939078438,1.36709638375911,0.85,0.35887028128263665,0.5917935787851974,0.4392142037780994,0.85,0.3588702812826367,0.0642592879845353,0.03347908361207825,1.0,0.0
2dof,sinusoidal,800,100,0.7,0.7096182768745344,0.7860567438923394,0.8,0.4020151261036848,0.6982909643456593,0.560417672939681,0.83,0.37752516806863684,0.0814781772384514,0.04494694000765897,1.0,0.0
2dof,sinusoidal,850,100,0.71,0.6624711583671972,0.6429157763492651,0.84,0.3684529491774706,0.6475401045741042,0.4444231879119391,0.83,0.3775251680686368,0.08075976981298119,0.0592916131667924,1.0,0.0
2dof,sinusoidal,900,100,0.62,0.8667110954246807,1.026512263274602,0.78,0.4163331998932266,0.731118901720429,0.5943638641392633,0.77,0.4229525846816507,0.10101609465700044,0.05660315650077785,1.0,0.0
2dof,sinusoidal,950,100,0.59,0.7900754690567127,0.9363186343050187,0.75,0.4351941398892447,0.7065542148085381,0.4597296077959417,0.76,0.42923469599092795,0.15232406179453467,0.09096207417040238,1.0,0.0
2dof,sinusoidal,1000,100,0.66,0.692515889611843,0.5989930904859624,0.84,0.3684529491774707,0.7096071858991817,0.3789069220684201,0.79,0.40936018074033237,0.17434337357250201,0.08282651652207394,1.0,0.0
2dof,spline,50,100,0.94,0.1509403121834337,0.36843359491397304,0.97,0.1714466079977653,0.12521619577686802,0.3169198284214014,0.96,0.19694638556693236,0.04335525055835067,0.06331694481549116,1.0,0.0
2dof,spline,100,100,0.84,0.41160737700904093,0.6796147580806103,0.92,0.2726599243442907,0.3831544232978468,0.6678558192757347,0.92,0.2726599243442907,0.0483397059862469,0.05378532241619681,1.0,0.0
2dof,spline,150,100,0.74,0.6492468133958628,1.5804445240370402,0.87,0.3379976689896311,0.5729577246520448,0.7362416765105704,0.82,0.3861229196653691,0.04205901817919045,0.042311342566686144,1.0,0.0
2dof,spline,200,100,0.66,0.6486154212254697,0.8707054366392409,0.81,0.3942772444036625,0.573048888434957,0.6152049533287507,0.79,0.40936018074033226,0.053122638142393847,0.06777543704955669,1.0,0.0
2dof,spline,250,100,0.71,0.5979512939624921,0.7210416752490572,0.81,0.3942772444036626,0.5005742106603392,0.41524847317798763,0.87,0.33799766898963113,0.04167960277906832,0.04562189322816803,1.0,0.0
2dof,spline,300,100,0.6,0.7363239131371084,1.106829591935994,0.77,0.4229525846816506,0.7312192445786653,0.7721977558434887,0.75,0.4351941398892446,0.045200165785792015,0.044720603036501244,1.0,0.0
2dof,spline,350,100,0.64,0.7859562477874502,1.4784515904518414,0.81,0.39427724440366246,0.6576313371287287,0.5624720845929954,0.78,0.41633319989322654,0.04870062026338967,0.053482529611887306,1.0,0.0
2dof,spline,400,100,0.64,0.8738600314015528,2.235868759764112,0.82,0.38612291966536905,0.8050769021045094,0.5408611330613539,0.74,0.44084400227680814,0.06821783382242383,0.07159887904457486,1.0,0.0
2dof,spline,450,100,0.63,0.5508560777182365,0.5969016373100006,0.86,0.34873508801977704,0.8477804436309847,0.5503284580386967,0.7,0.4605661864718382,0.06420626218282158,0.07060482468703855,1.0,0.0
2dof,spline,500,100,0.49,0.8103215927502367,0.9146480811785239,0.73,0.44619604333847374,0.9294606898413328,0.6764835617294368,0.64,0.48241815132442173,0.07910833139592344,0.0775170646353203,1.0,0.0
2dof,spline,550,100,0.47,1.030015291947865,1.6007617369001357,0.67,0.4725815626252608,0.9828877602422358,0.7156687051526929,0.62,0.4878317312145634,0.07844751409513052,0.0752001439891284,1.0,0.0
2dof,spline,600,100,0.49,1.268180991335692,2.9855301871878823,0.69,0.4648231987117317,0.9635955478846391,0.7009970975462252,0.64,0.48241815132442184,0.08395498452052683,0.08427294735658646,1.0,0.0
2dof,spline,650,100,0.43,1.0300601380658738,1.7837916563120766,0.75,0.4351941398892446,0.973061978497813,0.5252492420519592,0.56,0.4988876515698588,0.100808184090456,0.08285659294644718,1.0,0.0
2dof,spline,700,100,0.45,1.195356917677318,1.584333892632698,0.62,0.48783173121456347,1.001119350532526,0.6338244988844042,0.66,0.4760952285695234,0.10324336697494867,0.07725072412471475,1.0,0.0
2dof,spline,750,100,0.49,1.1143332330948332,2.9163805383973807,0.72,0.45126085985421305,0.9439942423454668,0.5786489478355316,0.66,0.4760952285695232,0.12203318929804499,0.07919897523956601,1.0,0.0
2dof,spline,800,100,0.46,1.2450533004903317,2.3345927624768583,0.68,0.4688261722621507,0.9014480703788776,0.4486380416107723,0.58,0.49604496374885815,0.1477707582112886,0.10854389660881555,1.0,0.0
2dof,spline,850,100,0.5,0.9530698468532264,0.986689873313051,0.71,0.4560480215720686,0.9467621392993355,0.3886730725829617,0.63,0.48523658709390977,0.1456070558693763,0.10670356844915464,1.0,0.0
2dof,spline,900,100,0.47,0.8977295461140651,0.9539872587939069,0.75,0.4351941398892446,0.9670745838033649,0.4545712821623942,0.58,0.49604496374885815,0.15393460243976598,0.1065223167842947,1.0,0.0
2dof,spline,950,100,0.51,0.9620043294817654,0.9506184119173581,0.71,0.45604802157206853,0.9269765332225995,0.398882886704851,0.65,0.47937248544110217,0.20605826259662463,0.12345718053197222,1.0,0.0
2dof,spline,1000,100,0.45,1.0112042808192327,1.0145511089254802,0.64,0.48241815132442184,0.9288474769489896,0.3292271315954036,0.59,0.49431107042371036,0.2266583402473906,0.13118658159352206,1.0,0.0
2dof,zero,50,100,0.93,0.1670769523009085,0.5535056721527767,0.97,0.1714466079977653,0.12246414940931231,0.2937106831859027,0.96,0.19694638556693236,0.03805912253597144,0.07303422343022564,1.0,0.0
2dof,zero,100,100,0.81,0.43339835552740635,0.9242647816568259,0.91,0.28762349126466136,0.37524956812221405,0.6981408403464803,0.89,0.31446603773522014,0.03789870711957397,0.06560834762587149,1.0,0.0
2dof,zero,150,100,0.82,0.35968348894571023,0.3985721925364576,0.93,0.2564323999762428,0.42511352263174224,0.5680148857699713,0.87,0.33799766898963113,0.02468080525092556,0.02473304126968438,1.0,0.0
2dof,zero,200,100,0.72,0.4622174831122347,0.5430638886153484,0.86,0.3487350880197771,0.5030030893265524,0.556461757378981,0.85,0.35887028128263665,0.022509791095517234,0.01958543996190368,1.0,0.0
2dof,zero,250,100,0.83,0.4256202512330825,0.5409691144358931,0.94,0.23868325657594203,0.5066877121977982,0.6682593309634031,0.87,0.3379976689896311,0.019431565731173713,0.02177730047496339,1.0,0.0
2dof,zero,300,100,0.72,0.5276108456040026,0.6315402305673026,0.89,0.3144660377352202,0.70018746220932,0.6929267600308798,0.78,0.41633319989322654,0.014411990550330447,0.012246673930181777,1.0,0.0
2dof,zero,350,100,0.7,0.45364402123897096,0.3892242477961274,0.89,0.3144660377352202,0.6602172874809625,0.6473892103446376,0.8,0.4020151261036849,0.015521269070362761,0.01810312434067181,1.0,0.0
2dof,zero,400,100,0.73,0.4724768313264917,0.3771791468902678,0.9,0.30151134457776363,0.6409512145620456,0.5421641214473402,0.81,0.3942772444036625,0.021619981671224253,0.02779826767935981,1.0,0.0
2dof,zero,450,100,0.76,0.5113907054010333,0.41124161664348985,0.87,0.33799766898963113,0.5682858440370956,0.44618543797809546,0.86,0.348735088019777,0.01888043691267423,0.019529001277569003,1.0,0.0
2dof,zero,500,100,0.76,0.6024648619400795,0.460133381938762,0.87,0.33799766898963113,0.6349678167596825,0.5579507412872752,0.86,0.34873508801977704,0.01860767959907444,0.01848032378588835,1.0,0.0
2dof,zero,550,100,0.74,0.6716641840891416,0.6995407137568533,0.85,0.35887028128263676,0.7018932068419557,0.500638278521108,0.84,0.3684529491774707,0.021388106870114422,0.026351352053961073,1.0,0.0
2dof,zero,600,100,0.66,0.6591619668375217,0.6268754677434488,0.83,0.377525168068637,0.6743583758098625,0.4707501000475751,0.79,0.4093601807403323,0.019290002239038703,0.017258948665657206,1.0,0.0
2dof,zero,650,100,0.76,0.5387181005859059,0.38740025510955717,0.95,0.2190429135575903,0.6720816194744095,0.5298719452955315,0.81,0.39427724440366263,0.02029418683362193,0.019143702097756832,1.0,0.0
2dof,zero,700,100,0.67,0.614133944133034,0.46438567826164395,0.85,0.35887028128263676,0.7245494275924684,0.507487676421732,0.75,0.4351941398892446,0.03077522125625626,0.01695397169034867,1.0,0.0
2dof,zero,750,100,0.62,0.6611765886350228,0.4957906735658781,0.8,0.40201512610368484,160918.30287138643,1609175.9475787608,0.78,0.4163331998932266,0.052273875627441214,0.031608266617583196,1.0,0.0
2dof,zero,800,100,0.7,0.6600476581274338,0.5365765804361926,0.84,0.3684529491774707,0.7198776761506328,0.5946432131265768,0.81,0.3942772444036626,0.05910209161772664,0.036796616943042634,1.0,0.0
2dof,zero,850,100,0.62,0.663404570457113,0.49000260702550474,0.83,0.3775251680686368,0.75652635730161,0.40668436595584145,0.72,0.451260859854213,0.06468641213660996,0.057830230020416325,1.0,0.0
2dof,zero,900,100,0.6,0.723557449967594,0.5886154972262753,0.77,0.42295258468165076,0.6951943599626794,0.4604200508569794,0.74,0.44084400227680803,0.07413339068410746,0.043622864268427944,1.0,0.0
2dof,zero,950,100,0.58,0.7451807192310518,0.5411482902356247,0.74,0.4408440022768081,8502776.556382788,85027758.60727979,0.77,0.42295258468165065,0.13425689932755971,0.09848311369652024,1.0,0.0
2dof,zero,1000,100,0.64,0.7352391402385555,0.6173337515974869,0.79,0.40936018074033237,0.7132545678420078,0.45406363322090854,0.79,0.40936018074033237,0.17131858516571868,0.08604493225646771,1.0,0.0
3dof,gp,50,100,0.68,9.125606191268744,63.31981556334831,0.7,0.4605661864718382,0.2710257474900056,0.4012254141351275,0.98,0.1407052941362897,0.2125245943426098,0.2521668349780639,1.0,0.0
3dof,gp,100,100,0.66,1.8352751184909766,3.7594000653267075,0.67,0.4725815626252609,0.2204207478318761,0.38177862718240735,0.95,0.21904291355759034,0.20544606567294604,0.22174657386721847,1.0,0.0
3dof,gp,150,100,0.7,1.5771501273428055,3.8745190478506664,0.72,0.4512608598542129,0.21181728220932455,0.25927988023079157,0.97,0.1714466079977653,0.20756006313385028,0.22370475379936106,1.0,0.0
3dof,gp,200,100,0.71,9.396124401443874,38.33525053691362,0.72,0.451260859854213,0.32075168949233324,0.5021515195290239,0.95,0.21904291355759034,0.21716648702982916,0.23827730248805604,1.0,0.0
3dof,gp,250,100,0.59,17.27727731592174,95.70411243999239,0.6,0.4923659639173309,0.5324169344451886,1.1762235072507163,0.9,0.30151134457776363,0.2142148495480897,0.2367112750631145,1.0,0.0
3dof,gp,300,100,0.62,5.25582885333982,19.456830787376678,0.65,0.4793724854411022,0.4900920048099038,1.002606312454425,0.87,0.3379976689896311,0.16563098998113587,0.18280707559032902,1.0,0.0
3dof,gp,350,100,0.62,1.8600618988744149,6.489397081249498,0.66,0.47609522856952335,0.8777055973405042,3.137937643793801,0.86,0.34873508801977704,0.25879467670851475,0.28833403566614635,1.0,0.0
3dof,gp,400,100,0.67,13.89125834157191,92.90816781486596,0.72,0.451260859854213,1.569527909995933,5.679823486226799,0.78,0.41633319989322654,0.16699662433608808,0.18750516034033438,1.0,0.0
3dof,gp,450,100,0.67,2.620399309533294,9.33849234506158,0.74,0.44084400227680826,0.6872032461807406,1.0298741251025105,0.85,0.35887028128263665,0.17417425403393796,0.21777282836042067,1.0,0.0
3dof,gp,500,100,0.63,4.034959932168128,17.901672207706994,0.66,0.4760952285695233,0.9519327523962516,1.6323430789410405,0.8,0.4020151261036849,0.1773307719973537,0.17099427852780524,1.0,0.0
3dof,gp,550,100,0.56,5.778641944539395,32.51171068557425,0.58,0.49604496374885826,1.0152423964702388,2.1683702362012705,0.78,0.4163331998932266,0.22724896044973808,0.2501707165016138,1.0,0.0
3dof,gp,600,100,0.59,1.6966128196370993,3.0823965904865904,0.67,0.47258156262526085,1.2481262611032176,2.2725339486195484,0.73,0.4461960433384738,0.26635351089877385,0.2687099122829544,0.99,0.09999999999999999
3dof,gp,650,100,0.6,1.6965212041527815,4.228394392786739,0.68,0.4688261722621506,0.832974777058567,1.1232846609287717,0.73,0.4461960433384736,0.2835296638500904,0.26473082315914775,0.99,0.09999999999999999
3dof,gp,700,100,0.57,2.1964516160602,5.651221754009579,0.67,0.47258156262526085,2.4043914398180384,10.419196297796987,0.71,0.4560480215720686,0.3320041536808677,0.26438621643116905,0.99,0.1
3dof,gp,750,100,0.67,1.3665686977656282,3.3241310967474096,0.7,0.4605661864718382,1.0450375075738503,2.0393587812258,0.74,0.4408440022768081,0.30141871044415214,0.2556563385636768,0.99,0.1
3dof,gp,800,100,0.59,1.0575413263279885,1.3415558136293215,0.65,0.47937248544110217,1.0412343672856441,1.4427156241368162,0.7,0.4605661864718382,0.2643325271366999,0.2240931256570965,1.0,0.0
3dof,gp,850,100,0.67,3.070662354497191,18.585923096138757,0.74,0.4408440022768081,1.048990387026642,1.923700678352619,0.75,0.4351941398892447,0.31749590811662537,0.23596471744258807,1.0,0.0
3dof,gp,900,100,0.56,1.2083350652277824,1.841037760641411,0.65,0.47937248544110217,1.2935320682077875,2.9014403841358964,0.68,0.4688261722621507,0.30247505734542957,0.2309119793257396,0.99,0.09999999999999999
3dof,gp,950,100,0.5,1.8714095667303439,6.283830112821838,0.58,0.49604496374885826,1.8449141772071977,4.2684805895427305,0.59,0.4943110704237104,0.36743564941832046,0.2461881653428305,1.0,0.0
3dof,gp,1000,100,0.5,1.2920364607708636,1.9721744232260303,0.62,0.4878317312145633,1.5594367793694988,3.141766901630839,0.6,0.49236596391733095,0.38035020154101323,0.27890095467641124,0.99,0.1
3dof,sinusoidal,50,100,0.8,4.058881191562548,19.795500391082793,0.81,0.39427724440366263,0.23274346453065672,0.1965407635966631,0.99,0.09999999999999999,0.19610547812668103,0.22071510644876732,1.0,0.0
3dof,sinusoidal,100,100,0.7,2.62558649448625,6.047158772141126,0.73,0.44619604333847374,0.15704755529003,0.2430186796603022,0.97,0.1714466079977653,0.19142090816015217,0.20954465936210842,1.0,0.0
3dof,sinusoidal,150,100,0.69,1.5059710218464502,4.527600849250464,0.72,0.451260859854213,0.20091016458601227,0.30686064399310403,0.96,0.19694638556693236,0.14945439799458518,0.20911407916516137,1.0,0.0
3dof,sinusoidal,200,100,0.72,2.5723126898910884,14.19115406021425,0.77,0.42295258468165076,0.4127436806380181,1.2876133421958094,0.94,0.23868325657594203,0.1849790345170494,0.21670517605147877,1.0,0.0
3dof,sinusoidal,250,100,0.61,3.399536557967362,14.84415100208428,0.64,0.48241815132442184,0.4407110814440652,0.569541189732715,0.93,0.2564323999762428,0.17965406778161294,0.23208240138793249,1.0,0.0
3dof,sinusoidal,300,100,0.73,5.389521120758685,29.140146117204115,0.77,0.4229525846816507,0.893083812067849,4.31104638224736,0.92,0.27265992434429076,0.17946311423894484,0.22619313732991414,1.0,0.0
3dof,sinusoidal,350,100,0.52,12.270344935399738,71.98014303037216,0.59,0.49431107042371025,1.0836647972359246,2.888516185104729,0.82,0.38612291966536916,0.25227743823348675,0.2800736155509811,0.98,0.14070529413628968
3dof,sinusoidal,400,100,0.75,2.4792745698028615,12.545950738920785,0.82,0.38612291966536905,0.7068087427358293,2.054454186585826,0.85,0.35887028128263676,0.1804369320461974,0.2045887036232569,1.0,0.0
3dof,sinusoidal,450,100,0.68,79.97921437559746,779.7721205979597,0.72,0.451260859854213,1.20565143941722,3.314562482838977,0.8,0.4020151261036849,0.19583357221565792,0.24142915967042142,1.0,0.0
3dof,sinusoidal,500,100,0.72,2.1630086250005016,9.745705357071438,0.76,0.4292346959909279,0.5747269499453137,0.8675261469043194,0.88,0.32659863237109044,0.19822874727578557,0.23223555800892076,0.99,0.09999999999999999
3dof,sinusoidal,550,100,0.68,2.2614096876272747,10.433551342515463,0.7,0.4605661864718383,0.693653152836323,1.2391340210998212,0.81,0.3942772444036624,0.2129723465938454,0.24164823395600288,1.0,0.0
3dof,sinusoidal,600,100,0.73,2.9055868190786542,15.366826664881795,0.75,0.4351941398892446,0.8488726812738976,1.8779365896531168,0.83,0.3775251680686369,0.22979521669692127,0.23673489165067027,1.0,0.0
3dof,sinusoidal,650,100,0.69,2.5415580048815953,14.978449830435913,0.73,0.4461960433384737,0.9045749312839922,1.8378758018459895,0.79,0.40936018074033237,0.23058904577413233,0.24059310258493383,0.98,0.1407052941362897
3dof,sinusoidal,700,100,0.6,2.1731034358426147,7.726938489368207,0.64,0.4824181513244218,0.7944504853645057,1.2917900178354036,0.8,0.40201512610368484,0.2854362965147052,0.2555593933628722,1.0,0.0
3dof,sinusoidal,750,100,0.64,1.1861987133272534,2.1236619558226715,0.67,0.47258156262526074,1.4911598732235287,4.601950973461903,0.71,0.45604802157206864,0.2301575028188496,0.2079889163972313,1.0,0.0
3dof,sinusoidal,800,100,0.63,1.180203906949139,1.889880831096856,0.67,0.4725815626252608,1.949156802106337,10.527425954049486,0.75,0.4351941398892447,0.26248839906039767,0.2458996047718308,0.98,0.1407052941362897
3dof,sinusoidal,850,100,0.58,2.2565512727219486,10.768442406512976,0.7,0.46056618647183817,1.5890548158939821,3.459142160117172,0.69,0.4648231987117318,0.2801083185675143,0.2622478501402623,0.99,0.09999999999999999
3dof,sinusoidal,900,100,0.63,1.3979332468991092,3.542665432823602,0.68,0.46882617226215073,1.3080842211314525,2.293827222502739,0.76,0.42923469599092784,0.3040968688856536,0.246649095002192,1.0,0.0
3dof,sinusoidal,950,100,0.58,1.262253234639562,1.9731692935635523,0.68,0.4688261722621506,1.3281545417122473,3.013238851276673,0.7,0.4605661864718383,0.32579072025490274,0.255490770459398,0.99,0.09999999999999999
3dof,sinusoidal,1000,100,0.6,1.028839792374416,2.0638454828814043,0.69,0.46482319871173167,0.9412021362563788,1.3307687004746613,0.72,0.451260859854213,0.32825744462542383,0.2732057618918448,0.98,0.1407052941362897
3dof,spline,50,100,0.71,43.05464825207096,407.60477802750614,0.73,0.4461960433384737,0.37535035531648114,1.145250764045026,0.98,0.1407052941362897,0.2481292737029911,0.2656637531768564,0.99,0.1
3dof,spline,100,100,0.73,5.939723974380839,31.1977591187803,0.75,0.4351941398892446,0.20861340006560186,0.3971816705765934,0.94,0.23868325657594205,0.21841192152588956,0.21878782486822704,1.0,0.0
3dof,spline,150,100,0.64,5.078517593458886,21.627835157448295,0.7,0.4605661864718383,0.35995648686994275,1.1489367725603217,0.93,0.2564323999762428,0.2498106507733026,0.2742639110730107,0.98,0.14070529413628968
3dof,spline,200,100,0.68,2.5131056149512214,6.3792198092777594,0.68,0.46882617226215073,0.32445571853460636,0.8627628107587152,0.96,0.19694638556693236,0.224411586958577,0.2209527959277987,1.0,0.0
3dof,spline,250,100,0.56,9.431250506612885,50.91949197327769,0.59,0.49431107042371053,0.6525108059742086,0.8784525972154491,0.86,0.34873508801977693,0.2094511952152762,0.22647490176136648,1.0,0.0
3dof,spline,300,100,0.68,1.5842771603245398,3.3663578649736055,0.75,0.4351941398892445,0.6840269726394352,1.4892118268910186,0.86,0.34873508801977693,0.21084190939770742,0.23178871564959908,1.0,0.0
3dof,spline,350,100,0.7,2.5018550321079847,12.157719476059567,0.74,0.4408440022768081,0.7445241215740165,2.0397950810593772,0.87,0.33799766898963113,0.26952197859986,0.26868334867758015,1.0,0.0
3dof,spline,400,100,0.73,1.9756866260724624,7.182331839168338,0.78,0.41633319989322654,0.564471941268613,0.8909514229193629,0.85,0.35887028128263665,0.22292544179197146,0.21446472189507718,1.0,0.0
3dof,spline,450,100,0.63,3.1397931078293397,10.674275530298015,0.66,0.47609522856952335,0.9616911424349355,1.8855945232845241,0.78,0.4163331998932266,0.19314389011740896,0.224729263714737,1.0,0.0
3dof,spline,500,100,0.68,1.8464045953620198,5.2760116343126,0.73,0.4461960433384736,1.0569138020416997,2.302096280387818,0.79,0.40936018074033237,0.2262822377168895,0.19242588003786018,1.0,0.0
3dof,spline,550,100,0.52,3.79989185292216,14.224915767802484,0.61,0.49020713000019733,1.9587749315281124,4.328306287818648,0.69,0.4648231987117318,0.25935197750782835,0.22132241364795832,1.0,0.0
3dof,spline,600,100,0.64,2.7882101031341957,9.578339260457067,0.7,0.4605661864718383,1.3375404114697842,2.667966712348557,0.78,0.4163331998932265,0.30562505747556357,0.2507732666087769,1.0,0.0
3dof,spline,650,100,0.6,1.5741041157690148,2.876668733730201,0.66,0.4760952285695233,1.3796768088722797,2.5952177240954426,0.69,0.4648231987117317,0.30806935673444924,0.25917633176528315,0.99,0.09999999999999999
3dof,spline,700,100,0.59,1.8200536452975933,4.271842955779855,0.68,0.46882617226215073,1.5457480025995418,2.9211311367111947,0.67,0.47258156262526074,0.3429647462461131,0.2399165628664416,1.0,0.0
3dof,spline,750,100,0.46,4.637103881250571,21.662563771936068,0.49,0.5024183937956914,11.607030683537474,102.02622711505376,0.63,0.48523658709390977,0.2899757001104229,0.23417407893781558,0.98,0.1407052941362897
3dof,spline,800,100,0.53,1.1968955494365756,1.7778787918748586,0.59,0.4943110704237104,1.0199250238034,1.1455839862199408,0.65,0.47937248544110217,0.3109035476342693,0.25594187611516195,1.0,0.0
3dof,spline,850,100,0.46,2.439724998895508,7.196606938541967,0.56,0.498887651569859,1.4629598762693428,2.2095472662007425,0.58,0.49604496374885826,0.32417920082821605,0.23305217858723365,1.0,0.0
3dof,spline,900,100,0.55,2.378893366994248,6.987989427824258,0.63,0.48523658709390977,4.006039968739509,28.072391058029105,0.64,0.48241815132442173,0.37441836385040356,0.23294432531897324,1.0,0.0
3dof,spline,950,100,0.52,1.9408829386814799,4.53509341941398,0.61,0.4902071300001972,1.5726906750569065,5.649426800652171,0.64,0.48241815132442184,0.37590812165077964,0.24087293556475278,1.0,0.0
3dof,spline,1000,100,0.53,1.0021130043261166,0.9950906620562202,0.66,0.47609522856952324,1.098082869917887,1.3580574487679744,0.63,0.4852365870939099,0.3712973962697893,0.24820734877216694,1.0,0.0
3dof,zero,50,100,0.77,2.3408099653353487,8.5760165182052,0.79,0.40936018074033237,3.855467971019432,35.72433861933693,0.98,0.14070529413628968,0.23387533111571338,0.24997887609609362,1.0,0.0
3dof,zero,100,100,0.64,7.5133167355123724,28.952005385208363,0.66,0.47609522856952324,0.18271108183068457,0.25738033192802107,0.98,0.1407052941362897,0.18863400393570312,0.2263947673256573,1.0,0.0
3dof,zero,150,100,0.61,2.6697910454342115,10.512617192472542,0.64,0.48241815132442173,0.17196600423176758,0.24603260758816645,0.97,0.1714466079977653,0.15661912884993648,0.20475106216495584,1.0,0.0
3dof,zero,200,100,0.66,3.217335184008006,10.669431996684937,0.69,0.4648231987117317,0.5145900033468841,1.6982825328746225,0.93,0.2564323999762428,0.19038981489981296,0.22519402940636327,1.0,0.0
3dof,zero,250,100,0.58,34.69573829482713,217.62163582849317,0.6,0.49236596391733095,0.7273065699044173,2.8975239376704107,0.92,0.2726599243442907,0.19848093714767048,0.22461040321457126,1.0,0.0
3dof,zero,300,100,0.65,4.339653165743167,14.97714476633849,0.68,0.4688261722621506,0.4156960785944706,0.7712411003827435,0.89,0.3144660377352201,0.16490142106561123,0.21108525316967497,1.0,0.0
3dof,zero,350,100,0.53,2.335917768114616,5.789233515398349,0.64,0.48241815132442173,0.9551283327265927,2.3871972600574054,0.81,0.3942772444036626,0.2735830324862763,0.3044695678660896,1.0,0.0
3dof,zero,400,100,0.62,4.726171417092655,35.95064603063799,0.7,0.4605661864718382,1.1476142029349807,6.136261334208616,0.84,0.3684529491774707,0.18251264195735714,0.22661211303921544,1.0,0.0
3dof,zero,450,100,0.68,1.843411978950686,4.89535684605098,0.71,0.45604802157206875,0.8793840774873908,2.4636538490777173,0.87,0.3379976689896312,0.1736290981326959,0.21428769519622148,1.0,0.0
3dof,zero,500,100,0.61,4.336672025347491,16.71069425175827,0.67,0.4725815626252609,1.270280719809021,4.380757568935779,0.79,0.4093601807403323,0.18070040005023544,0.19036112769643207,1.0,0.0
3dof,zero,550,100,0.59,7.911453219511006,49.53012481213103,0.64,0.48241815132442173,21.19954335257512,196.80620249931576,0.75,0.4351941398892446,0.22490831356300395,0.26600399788036216,1.0,0.0
3dof,zero,600,100,0.62,8.192151629427844,33.21255184925601,0.67,0.4725815626252609,1.5972907049937846,4.50428631794846,0.77,0.42295258468165076,0.25578098534231514,0.2392856461766093,1.0,0.0
3dof,zero,650,100,0.66,1.926919386936251,6.1722231672743835,0.75,0.4351941398892446,1.8580750690474523,6.0518037609305,0.78,0.4163331998932266,0.2423903122064452,0.24915573358295515,0.99,0.1
3dof,zero,700,100,0.57,2.458175927967314,8.178866482351015,0.66,0.47609522856952324,13.218883392176197,119.34713887119507,0.68,0.4688261722621506,0.2940356762979104,0.25715935391209593,1.0,0.0
3dof,zero,750,100,0.63,9.00825526944143,55.3409441870705,0.66,0.47609522856952335,3.321676193739321,12.34535622585424,0.7,0.46056618647183845,0.2801237512862836,0.24835019955569795,0.99,0.09999999999999999
3dof,zero,800,100,0.59,1.6523333122216293,3.5312279083989204,0.67,0.4725815626252608,1.1877883038851151,2.1868449838896438,0.67,0.4725815626252609,0.25505218347644876,0.24060640275242498,1.0,0.0
3dof,zero,850,100,0.64,1.3471644800066662,3.115173077935762,0.69,0.4648231987117318,1.4206618283788708,3.430881517486928,0.74,0.44084400227680803,0.26362976765225266,0.2320862492028974,1.0,0.0
3dof,zero,900,100,0.58,9.421179937271658,65.7981103720259,0.64,0.4824181513244217,3.0048866362320017,10.87474766657109,0.71,0.4560480215720686,0.28061023497115123,0.24108532271356012,1.0,0.0
3dof,zero,950,100,0.58,1.2593921475979994,1.8131272942665289,0.68,0.46882617226215073,1.2722638594606983,2.037174598203972,0.65,0.4793724854411023,0.32540751571161997,0.2494208269513921,1.0,0.0
3dof,zero,1000,100,0.53,1.089808073332541,1.352823007494639,0.65,0.4793724854411023,1.1836425028761954,2.4961611760332576,0.73,0.44619604333847374,0.32751884931874853,0.2834149376823965,0.99,0.1
