system,policy,length,n_samples,all3_win_rate,ratio_nrmse_q_mean,ratio_nrmse_q_std,imp_nrmse_q_mean,imp_nrmse_q_std,ratio_nrmse_p_mean,ratio_nrmse_p_std,imp_nrmse_p_mean,imp_nrmse_p_std,ratio_hamres_mean,ratio_hamres_std,imp_hamres_mean,imp_hamres_std
2dof,gp,50,100,0.97,0.2364095228414016,0.2208049161943738,0.98,0.14070529413628968,0.2021054651374284,0.16852788942255076,0.99,0.1,0.03971536694219935,0.06577231142629604,1.0,0.0
2dof,gp,100,100,0.9,0.4709471379787339,0.30120410438546413,0.91,0.28762349126466136,0.3757956277991458,0.23079511540456674,0.98,0.1407052941362897,0.043107837790530255,0.06013718696053001,1.0,0.0
2dof,gp,150,100,0.93,0.49185356295853894,0.2542236965264186,0.96,0.19694638556693236,0.42544920689426424,0.24548217449277018,0.97,0.17144660799776532,0.02912043750469839,0.02598397325949254,1.0,0.0
2dof,gp,200,100,0.85,0.553050219395525,0.3257639557217987,0.89,0.31446603773522014,0.4810836111934945,0.27743621063298346,0.94,0.23868325657594203,0.027209209305782408,0.022760158774909216,1.0,0.0
2dof,gp,250,100,0.86,0.5502586467457347,0.3186413728347432,0.89,0.3144660377352202,0.44342200922096564,0.26407557362693895,0.97,0.17144660799776526,0.026380878592786105,0.03141571293125029,1.0,0.0
2dof,gp,300,100,0.84,0.5304367590444037,0.29804956281481837,0.94,0.23868325657594203,0.5554359755205018,0.318496231020987,0.89,0.3144660377352201,0.023968065049036986,0.02086182456697067,1.0,0.0
2dof,gp,350,100,0.78,0.5918239774061878,0.3190597252811852,0.87,0.3379976689896312,0.6000106176036339,0.27759244798723703,0.87,0.3379976689896311,0.025052681388249537,0.023567048588009235,1.0,0.0
2dof,gp,400,100,0.86,0.5394457910848987,0.29805436289934506,0.93,0.2564323999762428,0.5968433112770458,0.2567110051297296,0.92,0.2726599243442907,0.03421882920364263,0.03372875494443879,1.0,0.0
2dof,gp,450,100,0.75,0.5756426553298177,0.33574566799515343,0.92,0.27265992434429076,0.7150211473469793,0.27626108356254236,0.82,0.3861229196653691,0.03883771912530209,0.0471103061140971,1.0,0.0
2dof,gp,500,100,0.62,0.6911988255841196,0.42937328943518677,0.77,0.42295258468165076,0.7844757183516267,0.3248732969600897,0.76,0.42923469599092784,0.046893025808294866,0.054635584146977764,1.0,0.0
2dof,gp,550,100,0.63,0.6740621813616214,0.4712241495687015,0.82,0.38612291966536916,0.8323827521839487,0.3243994014963352,0.71,0.4560480215720686,0.046936338240222385,0.054117456568303746,1.0,0.0
2dof,gp,600,100,0.57,0.7287776108217902,0.5005183232548293,0.78,0.41633319989322654,0.8580749732404495,0.3416580082607694,0.68,0.4688261722621507,0.04439575321543931,0.04453119528472871,1.0,0.0
2dof,gp,650,100,0.59,0.7197355398121681,0.5651340423012323,0.79,0.4093601807403323,0.8894155657591531,0.3236755856007408,0.66,0.47609522856952324,0.04899622324552493,0.04648267942872429,1.0,0.0
2dof,gp,700,100,0.56,0.7099985592299878,0.4815062816270196,0.78,0.4163331998932265,0.9014991483439502,0.31249039206114076,0.65,0.47937248544110217,0.06186803412117392,0.03501899692521027,1.0,0.0
2dof,gp,750,100,0.52,0.7319283829990357,0.504141398543483,0.8,0.40201512610368484,0.8783260872170295,0.2906238539360841,0.64,0.48241815132442184,0.09566007947755112,0.060582685076416815,1.0,0.0
2dof,gp,800,100,0.62,0.7657613487049343,0.4598182927754967,0.8,0.4020151261036848,0.8810845837395902,0.2965527654888262,0.69,0.4648231987117318,0.1096883284490249,0.0730301311791031,1.0,0.0
2dof,gp,850,100,0.62,0.7287678745714541,0.35221733640864056,0.82,0.38612291966536905,0.8762703237850213,0.31045329208918704,0.73,0.4461960433384736,0.1139906748705397,0.08567525570530761,1.0,0.0
2dof,gp,900,100,0.54,0.8084248605321279,0.5020133258575715,0.72,0.451260859854213,0.8928008905643019,0.24267764802846975,0.67,0.47258156262526074,0.13182068062988073,0.08906268206112432,1.0,0.0
2dof,gp,950,100,0.49,0.8743782966670346,0.43712275734952066,0.68,0.4688261722621506,0.9034582356593688,0.2242940355150312,0.69,0.4648231987117317,0.18256857585307185,0.10918990045869335,1.0,0.0
2dof,gp,1000,100,0.54,0.8136556366409121,0.3814270184108631,0.75,0.4351941398892447,0.8875908169610978,0.21383814863084044,0.66,0.4760952285695232,0.18399590006873226,0.08982700055282462,1.0,0.0
2dof,sinusoidal,50,100,0.97,0.2694040693816207,0.295985138650672,0.98,0.14070529413628968,0.22351108494370733,0.18204566012703818,0.99,0.1,0.03788003460290399,0.05913549038200425,1.0,0.0
2dof,sinusoidal,100,100,0.89,0.45242403200055564,0.25820196607218154,0.92,0.2726599243442907,0.36859912104414555,0.23826143996400165,0.96,0.19694638556693242,0.036436388825619864,0.04256478264609781,1.0,0.0
2dof,sinusoidal,150,100,0.88,0.5363751316208168,0.28472505353453315,0.91,0.28762349126466136,0.45994451422567956,0.25351652071078523,0.96,0.1969463855669324,0.030057824808115856,0.03293828993054119,1.0,0.0
2dof,sinusoidal,200,100,0.85,0.5499246818432405,0.3209460221928297,0.91,0.28762349126466136,0.5074362987134786,0.27394549293777304,0.93,0.2564323999762428,0.026938292806599554,0.026133647838555516,1.0,0.0
2dof,sinusoidal,250,100,0.94,0.5390291380287009,0.27034223321354606,0.95,0.21904291355759034,0.4570117757416538,0.23569300912398525,0.98,0.1407052941362897,0.02155281321498868,0.02365287191996366,1.0,0.0
2dof,sinusoidal,300,100,0.83,0.5568643462467152,0.28158038840407706,0.9,0.30151134457776363,0.5715839798381694,0.31038604770419564,0.92,0.27265992434429076,0.01819025443749142,0.016823395340365924,1.0,0.0
2dof,sinusoidal,350,100,0.77,0.623578491416517,0.37565118246053747,0.86,0.348735088019777,0.6097518146364238,0.3805210184631262,0.88,0.3265986323710905,0.020285241815587864,0.0227116273495503,1.0,0.0
2dof,sinusoidal,400,100,0.77,0.6179184833792319,0.35149269065182204,0.87,0.3379976689896311,0.6101856055930573,0.31606149127204525,0.87,0.3379976689896311,0.024064043188020853,0.028684731643398242,1.0,0.0
2dof,sinusoidal,450,100,0.79,0.6184100440921584,0.3062608703250635,0.9,0.30151134457776363,0.5830365706789025,0.29021989867112874,0.88,0.3265986323710904,0.02081407383433515,0.019619755532625485,1.0,0.0
2dof,sinusoidal,500,100,0.75,0.6634889637096577,0.32625834209654997,0.84,0.36845294917747057,0.601506890778337,0.33616487311029525,0.87,0.33799766898963113,0.018840696847929845,0.01762217289031323,1.0,0.0
2dof,sinusoidal,550,100,0.74,0.6700457913075469,0.3766155787162082,0.86,0.34873508801977704,0.6609304097702488,0.3394952577808195,0.85,0.3588702812826367,0.02288056417635499,0.025302047914177134,1.0,0.0
2dof,sinusoidal,600,100,0.72,0.7126386970448781,0.45080821693889717,0.81,0.3942772444036626,0.6861607172983142,0.32700963079037226,0.85,0.3588702812826367,0.024153308277684117,0.020663199502532262,1.0,0.0
2dof,sinusoidal,650,100,0.76,0.6372974043001234,0.348045458682133,0.89,0.31446603773522014,0.6703616983740696,0.3083925765161516,0.86,0.3487350880197771,0.0242039370933082,0.024002551247551945,1.0,0.0
2dof,sinusoidal,700,100,0.77,0.65882482703975,0.3521719644977324,0.89,0.3144660377352201,0.7508333858936485,0.30662046676810023,0.84,0.36845294917747057,0.0395088128070374,0.023960160272765065,1.0,0.0
2dof,sinusoidal,750,100,0.75,0.715895608450286,0.46358261929691397,0.88,0.32659863237109044,0.7090761734071236,0.2649377890349619,0.87,0.33799766898963113,0.0642592879845353,0.03347908361207825,1.0,0.0
2dof,sinusoidal,800,100,0.72,0.7218972727160691,0.35814110707003455,0.8,0.40201512610368484,0.7565345336747117,0.2813002565679347,0.86,0.34873508801977704,0.0814781772384514,0.04494694000765897,1.0,0.0
2dof,sinusoidal,850,100,0.71,0.7121330395479718,0.34587049526738867,0.82,0.3861229196653691,0.741840199975281,0.26062312837508383,0.85,0.35887028128263665,0.08075976981298119,0.0592916131667924,1.0,0.0
2dof,sinusoidal,900,100,0.64,0.8060908444318136,0.4076399350628913,0.75,0.43519413988924455,0.7709061643438875,0.27142505823672713,0.83,0.3775251680686369,0.10101609465700044,0.05660315650077785,1.0,0.0
2dof,sinusoidal,950,100,0.62,0.7721672030974898,0.38928775163393703,0.75,0.4351941398892446,0.7803367900685098,0.2515908681675278,0.8,0.40201512610368484,0.15232406179453467,0.09096207417040238,1.0,0.0
2dof,sinusoidal,1000,100,0.68,0.7597405092359233,0.31102167006816756,0.82,0.3861229196653691,0.8058339319204626,0.20917238865474314,0.83,0.37752516806863684,0.17434337357250201,0.08282651652207394,1.0,0.0
2dof,spline,50,100,0.96,0.2799116559163906,0.24987891768892073,0.98,0.14070529413628968,0.23708046979536535,0.24810178481577874,0.97,0.1714466079977653,0.04335525055835067,0.06331694481549116,1.0,0.0
2dof,spline,100,100,0.84,0.5315554691714026,0.31864678817465264,0.92,0.2726599243442907,0.4922043085366971,0.3206371640004833,0.92,0.2726599243442907,0.0483397059862469,0.05378532241619681,1.0,0.0
2dof,spline,150,100,0.76,0.5750311223147228,0.33289969971374606,0.88,0.3265986323710904,0.625274798171735,0.3944698817132802,0.83,0.37752516806863684,0.04205901817919045,0.042311342566686144,1.0,0.0
2dof,spline,200,100,0.71,0.6665287187574066,0.4092459300026599,0.83,0.37752516806863695,0.655858520200775,0.3498278143589233,0.82,0.3861229196653691,0.053122638142393847,0.06777543704955669,1.0,0.0
2dof,spline,250,100,0.74,0.6327410105556469,0.3639164440223903,0.84,0.3684529491774706,0.6345843434224403,0.29243216222867674,0.88,0.3265986323710904,0.04167960277906832,0.04562189322816803,1.0,0.0
2dof,spline,300,100,0.64,0.6808537965642165,0.43636426024509556,0.81,0.3942772444036625,0.7422644771839356,0.34862417329568324,0.76,0.42923469599092784,0.045200165785792015,0.044720603036501244,1.0,0.0
2dof,spline,350,100,0.66,0.676159401396282,0.41617310105160515,0.82,0.38612291966536916,0.7292372001965977,0.29851138342200195,0.8,0.4020151261036849,0.04870062026338967,0.053482529611887306,1.0,0.0
2dof,spline,400,100,0.63,0.7068605475944676,0.5363441082968271,0.83,0.3775251680686368,0.8398386817196811,0.2679278880726843,0.71,0.4560480215720687,0.06821783382242383,0.07159887904457486,1.0,0.0
2dof,spline,450,100,0.68,0.653694619756278,0.34383406220898083,0.88,0.3265986323710904,0.8613311497886191,0.29522438280149715,0.72,0.45126085985421277,0.06420626218282158,0.07060482468703855,1.0,0.0
2dof,spline,500,100,0.54,0.7444686238672368,0.41787256917912396,0.75,0.4351941398892446,0.8971649040774029,0.30559481869289973,0.65,0.4793724854411023,0.07910833139592344,0.0775170646353203,1.0,0.0
2dof,spline,550,100,0.53,0.8218147439018786,0.4840233036490323,0.74,0.44084400227680803,0.9240609508628793,0.2841543718828374,0.66,0.47609522856952335,0.07844751409513052,0.0752001439891284,1.0,0.0
2dof,spline,600,100,0.55,0.8686303505104443,0.6237912355201632,0.72,0.451260859854213,0.9204455356951169,0.304933209663315,0.68,0.4688261722621506,0.08395498452052683,0.08427294735658646,1.0,0.0
2dof,spline,650,100,0.47,0.8407459337022146,0.532582216015126,0.76,0.4292346959909279,0.9296464033809047,0.25366212578830716,0.57,0.497569851956243,0.100808184090456,0.08285659294644718,1.0,0.0
2dof,spline,700,100,0.45,0.894902468582708,0.47548363360562834,0.62,0.4878317312145633,0.9479357403410872,0.2531410092594601,0.63,0.4852365870939097,0.10324336697494867,0.07725072412471475,1.0,0.0
2dof,spline,750,100,0.52,0.8256004013692043,0.4489814468756778,0.75,0.4351941398892446,0.9272180753678539,0.2581088497380312,0.66,0.47609522856952313,0.12203318929804499,0.07919897523956601,1.0,0.0
2dof,spline,800,100,0.48,0.9039905998852923,0.5697833775100382,0.7,0.46056618647183833,0.9204058661248414,0.2265038808824227,0.57,0.497569851956243,0.1477707582112886,0.10854389660881555,1.0,0.0
2dof,spline,850,100,0.49,0.8638454405744552,0.4157455279079116,0.72,0.45126085985421305,0.9461203849524807,0.18373714031916163,0.63,0.4852365870939097,0.1456070558693763,0.10670356844915464,1.0,0.0
2dof,spline,900,100,0.45,0.8230382157777423,0.3704073704110587,0.74,0.440844002276808,0.9506423676640954,0.20913314761153107,0.59,0.4943110704237103,0.15393460243976598,0.1065223167842947,1.0,0.0
2dof,spline,950,100,0.57,0.8581971233769213,0.38438301708959516,0.73,0.4461960433384737,0.9386650944412289,0.18204004217836345,0.7,0.4605661864718382,0.20605826259662463,0.12345718053197222,1.0,0.0
2dof,spline,1000,100,0.49,0.8827272667882997,0.3652275885706553,0.67,0.47258156262526085,0.9446572763938604,0.16379130087836957,0.63,0.4852365870939097,0.2266583402473906,0.13118658159352206,1.0,0.0
2dof,zero,50,100,0.98,0.250427861750016,0.22291055913567742,0.99,0.1,0.19751803198029994,0.17868408774645794,0.99,0.1,0.03805912253597144,0.07303422343022564,1.0,0.0
2dof,zero,100,100,0.89,0.5074433116388046,0.2751475834594492,0.91,0.28762349126466136,0.31397366574226115,0.24057702317316765,0.97,0.1714466079977653,0.03789870711957397,0.06560834762587149,1.0,0.0
2dof,zero,150,100,0.94,0.5171239117280974,0.2534921261652591,0.95,0.21904291355759034,0.3847539827472168,0.21312631231849985,0.99,0.09999999999999999,0.02468080525092556,0.02473304126968438,1.0,0.0
2dof,zero,200,100,0.85,0.5771195346660487,0.3111530178103359,0.9,0.30151134457776363,0.4661292810203976,0.2678137080312517,0.94,0.23868325657594203,0.022509791095517234,0.01958543996190368,1.0,0.0
2dof,zero,250,100,0.89,0.5584928982941143,0.2846561625967392,0.94,0.238683256575942,0.4680876146042368,0.30219582109204673,0.93,0.25643239997624273,0.019431565731173713,0.02177730047496339,1.0,0.0
2dof,zero,300,100,0.82,0.6212096364361127,0.3022193560868506,0.89,0.31446603773522014,0.5613805238628572,0.3339354681326551,0.92,0.27265992434429076,0.014411990550330447,0.012246673930181777,1.0,0.0
2dof,zero,350,100,0.86,0.5963009277360545,0.26047611623365036,0.93,0.2564323999762428,0.5223567607057595,0.2871866873903848,0.92,0.2726599243442907,0.015521269070362761,0.01810312434067181,1.0,0.0
2dof,zero,400,100,0.79,0.6190648723020628,0.2573990025769525,0.9,0.30151134457776363,0.5966052640928852,0.30456227679864817,0.89,0.3144660377352201,0.021619981671224253,0.02779826767935981,1.0,0.0
2dof,zero,450,100,0.81,0.6363328348478743,0.26032032961838464,0.89,0.31446603773522014,0.5849724441193909,0.29190761510511126,0.92,0.2726599243442907,0.01888043691267423,0.019529001277569003,1.0,0.0
2dof,zero,500,100,0.75,0.7065191389983706,0.26160829509423944,0.89,0.3144660377352202,0.6345639281953943,0.3242792145717423,0.84,0.3684529491774707,0.01860767959907444,0.01848032378588835,1.0,0.0
2dof,zero,550,100,0.79,0.7120974322756196,0.3295644525649944,0.85,0.35887028128263665,0.6309062965399778,0.29503372116052257,0.89,0.31446603773522014,0.021388106870114422,0.026351352053961073,1.0,0.0
2dof,zero,600,100,0.74,0.707908973432484,0.3198787196587313,0.84,0.3684529491774708,0.6552429720970204,0.27244732956210904,0.88,0.3265986323710903,0.019290002239038703,0.017258948665657206,1.0,0.0
2dof,zero,650,100,0.81,0.6771277908580905,0.23210005169472997,0.96,0.19694638556693236,0.708579596090256,0.2823906225056758,0.85,0.35887028128263665,0.02029418683362193,0.019143702097756832,1.0,0.0
2dof,zero,700,100,0.76,0.7195640502004127,0.27593840504825995,0.87,0.33799766898963113,0.7122571364214676,0.2792434524666853,0.86,0.34873508801977704,0.03077522125625626,0.01695397169034867,1.0,0.0
2dof,zero,750,100,0.66,0.7378506200143267,0.31125245872806173,0.76,0.42923469599092784,0.6792680734346989,0.2897485690661957,0.86,0.34873508801977693,0.052273875627441214,0.031608266617583196,1.0,0.0
2dof,zero,800,100,0.75,0.737707978610507,0.30479091863886343,0.84,0.3684529491774707,0.7135773239937593,0.2848446854067011,0.88,0.3265986323710904,0.05910209161772664,0.036796616943042634,1.0,0.0
2dof,zero,850,100,0.77,0.7543742299566145,0.28585299588188035,0.85,0.35887028128263676,0.718598030798908,0.2685960531678302,0.87,0.33799766898963113,0.06468641213660996,0.057830230020416325,1.0,0.0
2dof,zero,900,100,0.66,0.7712408375062233,0.3241467417188311,0.79,0.40936018074033237,0.7012254161915875,0.2802294262741768,0.83,0.3775251680686369,0.07413339068410746,0.043622864268427944,1.0,0.0
2dof,zero,950,100,0.71,0.7830596300598551,0.29767536246550697,0.76,0.42923469599092784,0.7246496019181987,0.24440065757694154,0.89,0.31446603773522014,0.13425689932755971,0.09848311369652024,1.0,0.0
2dof,zero,1000,100,0.72,0.7817597625401994,0.3075546716633057,0.8,0.40201512610368473,0.7256033720332088,0.2790408086996215,0.87,0.337997668989631,0.17131858516571868,0.08604493225646771,1.0,0.0
3dof,gp,50,100,0.71,0.7546555434396854,0.5047736061621203,0.73,0.4461960433384736,0.44936302808496625,0.2000276455767184,0.98,0.1407052941362897,0.2125245943426098,0.2521668349780639,1.0,0.0
3dof,gp,100,100,0.71,0.7951706547643532,0.7072195506511554,0.72,0.451260859854213,0.37564318564875365,0.27594589205454456,0.95,0.21904291355759034,0.20544606567294604,0.22174657386721847,1.0,0.0
3dof,gp,150,100,0.75,0.7882709383831095,0.7321257008127192,0.76,0.42923469599092784,0.40519427965208793,0.21773889998334803,0.97,0.1714466079977653,0.20756006313385028,0.22370475379936106,1.0,0.0
3dof,gp,200,100,0.7,1.2404242095727986,2.0968434979719217,0.71,0.4560480215720687,0.4567360245955915,0.28506280377981724,0.96,0.19694638556693236,0.21716648702982916,0.23827730248805604,1.0,0.0
3dof,gp,250,100,0.59,1.638825458986303,2.9932803326125965,0.6,0.49236596391733084,0.5841785684102018,0.36392928014736947,0.9,0.30151134457776363,0.2142148495480897,0.2367112750631145,1.0,0.0
3dof,gp,300,100,0.64,1.0817022908378346,1.5443953230795837,0.67,0.47258156262526074,0.5247830888586105,0.36417691558762594,0.88,0.3265986323710904,0.16563098998113587,0.18280707559032902,1.0,0.0
3dof,gp,350,100,0.66,0.8929858575055846,0.830405189601562,0.7,0.4605661864718383,0.640811168314702,0.5646579871648798,0.85,0.35887028128263665,0.25879467670851475,0.28833403566614635,1.0,0.0
3dof,gp,400,100,0.69,1.1785611881952207,2.3339425356059667,0.73,0.44619604333847357,0.7859736553001064,0.8699213944886839,0.78,0.41633319989322654,0.16699662433608808,0.18750516034033438,1.0,0.0
3dof,gp,450,100,0.69,0.9293496682276848,1.029493621883134,0.75,0.4351941398892447,0.6645302492384434,0.4084411201692958,0.85,0.35887028128263665,0.17417425403393796,0.21777282836042067,1.0,0.0
3dof,gp,500,100,0.66,1.0432956412877148,1.3720128421791482,0.69,0.4648231987117316,0.755385927150164,0.5102162055658287,0.8,0.40201512610368484,0.1773307719973537,0.17099427852780524,1.0,0.0
3dof,gp,550,100,0.59,1.1670755704049194,1.6210858563298112,0.6,0.4923659639173309,0.7853022842970871,0.5663494724783322,0.79,0.4093601807403325,0.22724896044973808,0.2501707165016138,1.0,0.0
3dof,gp,600,100,0.61,0.9511547182158718,0.7592675199433508,0.67,0.47258156262526096,0.8283609488166519,0.6392753015646011,0.73,0.44619604333847374,0.26635351089877385,0.2687099122829544,0.99,0.09999999999999999
3dof,gp,650,100,0.64,0.914191870795057,0.8001932794132869,0.71,0.45604802157206853,0.7547074184418346,0.4094315128431087,0.78,0.4163331998932266,0.2835296638500904,0.26473082315914775,0.99,0.09999999999999999
3dof,gp,700,100,0.6,1.0908042146503727,1.1013627619159096,0.66,0.4760952285695234,0.9310288529067984,0.8755715357206516,0.7,0.46056618647183845,0.3320041536808677,0.26438621643116905,0.99,0.1
3dof,gp,750,100,0.67,0.8702616826711858,0.62362970916186,0.71,0.4560480215720686,0.8311318440847917,0.5142011121849777,0.73,0.44619604333847374,0.30141871044415214,0.2556563385636768,0.99,0.1
3dof,gp,800,100,0.6,0.8537015923757336,0.502651541288564,0.65,0.4793724854411023,0.8455119497789214,0.47483730755957804,0.69,0.4648231987117317,0.2643325271366999,0.2240931256570965,1.0,0.0
3dof,gp,850,100,0.69,0.9427224508345563,1.2371053666204526,0.75,0.4351941398892446,0.8318361536301626,0.5464294374793507,0.77,0.42295258468165065,0.31749590811662537,0.23596471744258807,1.0,0.0
3dof,gp,900,100,0.6,0.9063644679417692,0.5888339098262958,0.69,0.4648231987117316,0.9346817796548224,0.7347544896565422,0.68,0.4688261722621506,0.30247505734542957,0.2309119793257396,0.99,0.09999999999999999
3dof,gp,950,100,0.54,1.0848046071921928,0.6936096246246223,0.62,0.48783173121456336,1.0796643137725714,0.5802478607132296,0.58,0.49604496374885815,0.36743564941832046,0.2461881653428305,1.0,0.0
3dof,gp,1000,100,0.54,0.957696312910256,0.5010236595149888,0.65,0.4793724854411023,1.006663913450205,0.5989273516191662,0.61,0.4902071300001973,0.38035020154101323,0.27890095467641124,0.99,0.1
3dof,sinusoidal,50,100,0.85,0.7027300349008694,0.5381482544963397,0.86,0.3487350880197771,0.4398498626206397,0.17021885935807224,0.99,0.09999999999999999,0.19610547812668103,0.22071510644876732,1.0,0.0
3dof,sinusoidal,100,100,0.73,0.8839611219105642,0.8912951328900492,0.74,0.44084400227680814,0.34748283807249725,0.21081105807087022,0.98,0.14070529413628968,0.19142090816015217,0.20954465936210842,1.0,0.0
3dof,sinusoidal,150,100,0.75,0.762053024537346,0.7365549094441008,0.76,0.4292346959909279,0.3734838849806548,0.2250853392769014,0.98,0.1407052941362897,0.14945439799458518,0.20911407916516137,1.0,0.0
3dof,sinusoidal,200,100,0.74,0.7986973745482361,1.1460427831591031,0.77,0.4229525846816507,0.452374758303256,0.33972994168241105,0.95,0.2190429135575904,0.1849790345170494,0.21670517605147877,1.0,0.0
3dof,sinusoidal,250,100,0.66,1.0718146559841786,1.4268211776278417,0.68,0.4688261722621509,0.5749732591141137,0.28458817740632686,0.94,0.2386832565759421,0.17965406778161294,0.23208240138793249,1.0,0.0
3dof,sinusoidal,300,100,0.71,0.9279933377797198,1.5663236406961227,0.76,0.4292346959909279,0.5792834157876813,0.6410930436036563,0.91,0.28762349126466136,0.17946311423894484,0.22619313732991414,1.0,0.0
3dof,sinusoidal,350,100,0.58,1.3304293549480415,2.026862027078518,0.64,0.48241815132442184,0.6682646674499675,0.6539030250535347,0.85,0.35887028128263665,0.25227743823348675,0.2800736155509811,0.98,0.14070529413628968
3dof,sinusoidal,400,100,0.75,0.7847051441467882,1.0635067383870784,0.81,0.39427724440366246,0.6168359828060763,0.5214733597533867,0.86,0.34873508801977693,0.1804369320461974,0.2045887036232569,1.0,0.0
3dof,sinusoidal,450,100,0.7,1.7606825340543153,8.765581901675409,0.73,0.44619604333847385,0.73059791121878,0.6533252685162633,0.82,0.3861229196653691,0.19583357221565792,0.24142915967042142,1.0,0.0
3dof,sinusoidal,500,100,0.73,0.8796200051058061,1.0821365005814654,0.77,0.4229525846816507,0.6181053024047067,0.3363902232166177,0.89,0.31446603773522014,0.19822874727578557,0.23223555800892076,0.99,0.09999999999999999
3dof,sinusoidal,550,100,0.72,0.8967141868776848,1.0318815188940573,0.74,0.44084400227680814,0.6755672361340025,0.48859167937719794,0.8,0.4020151261036849,0.2129723465938454,0.24164823395600288,1.0,0.0
3dof,sinusoidal,600,100,0.76,0.9209061179468462,1.218192147044422,0.78,0.41633319989322665,0.7101086126859927,0.5372231001832627,0.83,0.3775251680686369,0.22979521669692127,0.23673489165067027,1.0,0.0
3dof,sinusoidal,650,100,0.74,0.8434573120374774,1.0163693633669781,0.79,0.40936018074033237,0.7199199880013347,0.5207844783150385,0.79,0.4093601807403323,0.23058904577413233,0.24059310258493383,0.98,0.1407052941362897
3dof,sinusoidal,700,100,0.65,0.9293017547017564,0.8594420434896801,0.66,0.47609522856952335,0.7248767975563153,0.47725687541530976,0.84,0.3684529491774707,0.2854362965147052,0.2555593933628722,1.0,0.0
3dof,sinusoidal,750,100,0.65,0.8623262393960286,0.5961539792845173,0.69,0.4648231987117318,0.874824973769794,0.7087856591474752,0.74,0.4408440022768081,0.2301575028188496,0.2079889163972313,1.0,0.0
3dof,sinusoidal,800,100,0.68,0.8887439236018944,0.629110839389758,0.71,0.4560480215720687,0.846957751632925,0.8245534325352916,0.76,0.4292346959909279,0.26248839906039767,0.2458996047718308,0.98,0.1407052941362897
3dof,sinusoidal,850,100,0.63,0.99940978553543,1.2100946644424924,0.75,0.43519413988924455,0.9373046691346676,0.6965319370478255,0.71,0.4560480215720687,0.2801083185675143,0.2622478501402623,0.99,0.09999999999999999
3dof,sinusoidal,900,100,0.69,0.938593860114678,0.7322473616098736,0.71,0.4560480215720686,0.9086426291317993,0.5911694547430233,0.76,0.42923469599092784,0.3040968688856536,0.246649095002192,1.0,0.0
3dof,sinusoidal,950,100,0.64,0.9556229846351576,0.5808054999896974,0.71,0.4560480215720687,0.9070453429661233,0.5333187209991396,0.74,0.44084400227680803,0.32579072025490274,0.255490770459398,0.99,0.09999999999999999
3dof,sinusoidal,1000,100,0.63,0.8582567671528736,0.42679402128650096,0.7,0.46056618647183817,0.8492328761672124,0.3685044209556785,0.75,0.4351941398892447,0.32825744462542383,0.2732057618918448,0.98,0.1407052941362897
3dof,spline,50,100,0.79,0.7859725122792013,0.6264742470022255,0.8,0.4020151261036848,0.4719274088316287,0.26069941042785105,0.99,0.1,0.2481292737029911,0.2656637531768564,0.99,0.1
3dof,spline,100,100,0.74,0.8760765861995213,0.9919170902611841,0.76,0.42923469599092784,0.37674677499917975,0.28033011989263823,0.95,0.21904291355759034,0.21841192152588956,0.21878782486822704,1.0,0.0
3dof,spline,150,100,0.65,1.0086602497809058,1.4238337451761862,0.7,0.4605661864718383,0.4461632655738061,0.3395350807909479,0.94,0.23868325657594208,0.2498106507733026,0.2742639110730107,0.98,0.14070529413628968
3dof,spline,200,100,0.72,0.9285039303654944,0.9483763064554951,0.72,0.45126085985421305,0.4455703367156595,0.312373133262174,0.95,0.2190429135575904,0.224411586958577,0.2209527959277987,1.0,0.0
3dof,spline,250,100,0.57,1.3232495282717978,1.8665859366247897,0.6,0.49236596391733106,0.6754611080374829,0.369818240209813,0.87,0.3379976689896311,0.2094511952152762,0.22647490176136648,1.0,0.0
3dof,spline,300,100,0.69,0.843729509026751,0.743738634134045,0.75,0.4351941398892447,0.6255259493358394,0.4557102208763866,0.87,0.337997668989631,0.21084190939770742,0.23178871564959908,1.0,0.0
3dof,spline,350,100,0.71,0.8633603757405222,0.8636166695276278,0.72,0.451260859854213,0.6380245392387993,0.47490709046303053,0.87,0.33799766898963113,0.26952197859986,0.26868334867758015,1.0,0.0
3dof,spline,400,100,0.75,0.81786389857218,0.9530688658741587,0.78,0.4163331998932266,0.6005283725299401,0.42442166132047704,0.87,0.3379976689896311,0.22292544179197146,0.21446472189507718,1.0,0.0
3dof,spline,450,100,0.66,1.0415292934729972,1.2284656224410624,0.67,0.47258156262526085,0.743891674684762,0.5374611426984799,0.81,0.3942772444036625,0.19314389011740896,0.224729263714737,1.0,0.0
3dof,spline,500,100,0.66,0.8797134506719072,0.8000101649424123,0.73,0.44619604333847374,0.7779656533478785,0.5655879974049668,0.77,0.42295258468165065,0.2262822377168895,0.19242588003786018,1.0,0.0
3dof,spline,550,100,0.6,1.127482835251695,1.2731514969771702,0.66,0.47609522856952324,0.9641165722055888,0.8627036089762244,0.72,0.45126085985421294,0.25935197750782835,0.22132241364795832,1.0,0.0
3dof,spline,600,100,0.69,1.030015003147731,1.071127965869598,0.74,0.4408440022768081,0.8535105820664178,0.6775906316444287,0.79,0.40936018074033237,0.30562505747556357,0.2507732666087769,1.0,0.0
3dof,spline,650,100,0.64,0.9330371402817401,0.7246256110695427,0.67,0.47258156262526074,0.9019916003453171,0.6752222757769726,0.7,0.4605661864718383,0.30806935673444924,0.25917633176528315,0.99,0.09999999999999999
3dof,spline,700,100,0.59,0.9590625420099799,0.7881418728825905,0.67,0.47258156262526085,0.9437382316915739,0.7572807972992355,0.67,0.47258156262526085,0.3429647462461131,0.2399165628664416,1.0,0.0
3dof,spline,750,100,0.49,1.208050165563518,1.5079860325061234,0.51,0.5024183937956914,1.1862234245921346,2.337676580006189,0.65,0.4793724854411023,0.2899757001104229,0.23417407893781558,0.98,0.1407052941362897
3dof,spline,800,100,0.54,0.9546423345428626,0.5122996603592842,0.62,0.4878317312145635,0.8978646424704609,0.4030899069895357,0.65,0.4793724854411023,0.3109035476342693,0.25594187611516195,1.0,0.0
3dof,spline,850,100,0.48,1.1475413104760228,0.8009376886662464,0.56,0.49888765156985876,1.0185503300916312,0.5330099777932406,0.58,0.49604496374885826,0.32417920082821605,0.23305217858723365,1.0,0.0
3dof,spline,900,100,0.57,1.0767506733986785,0.901128952958961,0.65,0.47937248544110234,1.0511538252895174,1.3319327330392563,0.66,0.47609522856952324,0.37441836385040356,0.23294432531897324,1.0,0.0
3dof,spline,950,100,0.56,1.0183405795110696,0.6260374666148807,0.63,0.4852365870939098,0.9402004135135422,0.6019829783341852,0.66,0.47609522856952335,0.37590812165077964,0.24087293556475278,1.0,0.0
3dof,spline,1000,100,0.58,0.9047868846762956,0.39716246982948317,0.68,0.46882617226215073,0.9346586860918468,0.4037044254933939,0.65,0.47937248544110217,0.3712973962697893,0.24820734877216694,1.0,0.0
3dof,zero,50,100,0.79,0.6860639430054866,0.4858058255346717,0.81,0.3942772444036626,0.6301565646565666,1.5701849884617984,0.98,0.14070529413628968,0.23387533111571338,0.24997887609609362,1.0,0.0
3dof,zero,100,100,0.68,0.9834469283612964,0.983934507166793,0.69,0.4648231987117318,0.3577831793837102,0.2470367301851802,0.98,0.1407052941362897,0.18863400393570312,0.2263947673256573,1.0,0.0
3dof,zero,150,100,0.72,0.9021718330754882,0.9844157348189483,0.73,0.44619604333847374,0.3502750616099164,0.20129276365014098,0.99,0.09999999999999999,0.15661912884993648,0.20475106216495584,1.0,0.0
3dof,zero,200,100,0.7,0.9182985628199378,0.9974972178697301,0.71,0.45604802157206864,0.47451040865953303,0.4165510419075978,0.97,0.1714466079977653,0.19038981489981296,0.22519402940636327,1.0,0.0
3dof,zero,250,100,0.58,1.5001326245640274,2.721521819449079,0.61,0.4902071300001973,0.6005660595031055,0.5425463657280776,0.93,0.2564323999762428,0.19848093714767048,0.22461040321457126,1.0,0.0
3dof,zero,300,100,0.65,1.0349618377343552,1.4110061652916666,0.68,0.4688261722621506,0.5098745541493883,0.3819951857063437,0.89,0.31446603773522014,0.16490142106561123,0.21108525316967497,1.0,0.0
3dof,zero,350,100,0.6,1.0148497841973387,0.9955751597349353,0.69,0.4648231987117318,0.6674717105815975,0.5533245722346177,0.81,0.3942772444036626,0.2735830324862763,0.3044695678660896,1.0,0.0
3dof,zero,400,100,0.64,0.877795215139857,1.413753256399364,0.72,0.451260859854213,0.6355640265564265,0.6997343615921173,0.84,0.3684529491774707,0.18251264195735714,0.22661211303921544,1.0,0.0
3dof,zero,450,100,0.7,0.8523871337585094,0.7953112282695979,0.74,0.440844002276808,0.642428124421936,0.6180842099054191,0.87,0.3379976689896312,0.1736290981326959,0.21428769519622148,1.0,0.0
3dof,zero,500,100,0.64,1.152959351372993,1.7105223363491222,0.7,0.4605661864718383,0.7727678941946843,0.7592585078031109,0.79,0.4093601807403323,0.18070040005023544,0.19036112769643207,1.0,0.0
3dof,zero,550,100,0.6,1.2668452330784137,2.000158888433101,0.64,0.48241815132442173,1.0952727768597523,3.532033184931725,0.76,0.42923469599092795,0.22490831356300395,0.26600399788036216,1.0,0.0
3dof,zero,600,100,0.68,1.2370939629207598,1.9640816836703563,0.72,0.4512608598542128,0.7786428620726018,0.7598733455311767,0.78,0.4163331998932266,0.25578098534231514,0.2392856461766093,1.0,0.0
3dof,zero,650,100,0.65,0.8607467351005931,0.9401069455721871,0.72,0.45126085985421305,0.8202485308492072,0.9530677940922838,0.78,0.4163331998932266,0.2423903122064452,0.24915573358295515,0.99,0.1
3dof,zero,700,100,0.6,1.0209199340467803,1.0812747393657094,0.69,0.4648231987117318,1.0303680002808258,2.340724249332778,0.7,0.46056618647183817,0.2940356762979104,0.25715935391209593,1.0,0.0
3dof,zero,750,100,0.62,1.3215828722171858,2.303008591941199,0.66,0.47609522856952335,1.0508995487879376,1.2249293805994912,0.7,0.46056618647183833,0.2801237512862836,0.24835019955569795,0.99,0.09999999999999999
3dof,zero,800,100,0.59,0.9640198323769136,0.7304015686168541,0.67,0.4725815626252608,0.8793209407319234,0.529671637289976,0.7,0.4605661864718383,0.25505218347644876,0.24060640275242498,1.0,0.0
3dof,zero,850,100,0.62,0.8950362579223295,0.6927163811131676,0.67,0.47258156262526085,0.8743224438058573,0.6438035065698122,0.75,0.43519413988924455,0.26362976765225266,0.2320862492028974,1.0,0.0
3dof,zero,900,100,0.58,1.1841669860590165,1.852974578355956,0.66,0.47609522856952335,1.0555863624235124,1.0855305765659364,0.74,0.4408440022768081,0.28061023497115123,0.24108532271356012,1.0,0.0
3dof,zero,950,100,0.58,0.9458291355215073,0.5377243188939912,0.68,0.46882617226215073,0.9160844279588946,0.5327455554672758,0.67,0.47258156262526085,0.32540751571161997,0.2494208269513921,1.0,0.0
3dof,zero,1000,100,0.56,0.8789479993749489,0.4494124553835451,0.68,0.46882617226215056,0.8650978483892087,0.5366677700637036,0.74,0.4408440022768081,0.32751884931874853,0.2834149376823965,0.99,0.1
