sample_id,timestep,q0,q1,p0,p1,tau0,tau1
0,0,0.4024129,0.89240086,7.0454006,1.7157917,0.27220038,0.43693602
0,1,0.4034164,0.8923415,7.045923,1.7136946,0.27231035,0.43657416
0,2,0.4042276,0.8918723,7.0350056,1.7162843,0.27242184,0.4362132
0,3,0.40284145,0.8918849,7.054432,1.7133303,0.27253482,0.4358531
0,4,0.4032911,0.89183843,7.0502167,1.7140532,0.2726493,0.4354939
0,5,0.40356052,0.8918458,7.0482864,1.7148786,0.27276528,0.43513554
0,6,0.40387702,0.89196455,7.051733,1.7164612,0.27288273,0.43477806
0,7,0.403255,0.8913075,7.039263,1.715096,0.2730017,0.4344215
0,8,0.40465212,0.89194286,7.0544167,1.715682,0.27312213,0.43406582
0,9,0.40364492,0.8920747,7.050934,1.7153506,0.27324402,0.43371102
0,10,0.40477085,0.8914002,7.0479565,1.713615,0.2733674,0.43335715
0,11,0.4039725,0.8919102,7.0548115,1.7143369,0.27349225,0.43300417
0,12,0.40435815,0.8917426,7.0396805,1.7156458,0.27361855,0.4326521
0,13,0.4043659,0.8912617,7.0456295,1.7139063,0.27374628,0.43230093
0,14,0.40503263,0.890972,7.0472507,1.7176924,0.2738755,0.43195066
0,15,0.40449667,0.89155185,7.060688,1.7160506,0.27400613,0.43160135
0,16,0.40466368,0.8904203,7.048416,1.7110615,0.2741382,0.43125293
0,17,0.40540683,0.8912331,7.0556755,1.7136025,0.27427173,0.43090546
0,18,0.405748,0.89130294,7.04364,1.7108374,0.27440667,0.4305589
0,19,0.40571725,0.89043653,7.061699,1.7145324,0.27454305,0.43021327
0,20,0.40623403,0.8897859,7.0483456,1.7107759,0.27468082,0.4298686
0,21,0.40570796,0.8910564,7.052925,1.711278,0.27482003,0.42952487
0,22,0.40554297,0.8903836,7.0580025,1.7139978,0.27496064,0.42918208
0,23,0.4064976,0.8900081,7.0424976,1.7179217,0.27510262,0.42884025
0,24,0.4066769,0.89083636,7.0386124,1.7141585,0.27524602,0.42849937
0,25,0.40641356,0.8900367,7.04714,1.7131782,0.2753908,0.42815942
0,26,0.4075266,0.8894876,7.0533905,1.7126508,0.27553698,0.42782047
0,27,0.4072975,0.8900696,7.0411396,1.715786,0.27568454,0.42748246
0,28,0.40640008,0.8896774,7.04599,1.7151275,0.27583346,0.42714542
0,29,0.4079367,0.88958466,7.052597,1.7151179,0.27598375,0.42680934
0,30,0.40740573,0.88890827,7.0485306,1.721425,0.2761354,0.42647427
0,31,0.4073212,0.8903023,7.0495453,1.7126493,0.27628842,0.42614016
0,32,0.40795124,0.88912904,7.054949,1.7128177,0.2764428,0.42580703
0,33,0.40832925,0.88932073,7.059431,1.712614,0.27659848,0.42547488
0,34,0.4083774,0.890077,7.0530205,1.7116871,0.27675554,0.42514372
0,35,0.40714693,0.88979304,7.048731,1.7164626,0.2769139,0.42481354
0,36,0.40788126,0.8890821,7.059553,1.7128153,0.27707362,0.42448437
0,37,0.40823042,0.8889922,7.0534763,1.7119622,0.27723464,0.42415622
0,38,0.40850258,0.88957536,7.0440254,1.7176204,0.27739698,0.42382905
0,39,0.40832424,0.88880575,7.047888,1.715055,0.27756065,0.4235029
0,40,0.40822124,0.88923824,7.0468082,1.715105,0.2777256,0.42317772
0,41,0.40957248,0.8888818,7.049423,1.716547,0.27789184,0.4228536
0,42,0.40984797,0.88881886,7.0543365,1.7160101,0.2780594,0.42253047
0,43,0.40921843,0.88816416,7.047947,1.714756,0.27822822,0.42220837
0,44,0.4096557,0.8886212,7.044712,1.7130685,0.27839833,0.42188728
0,45,0.40897405,0.88822424,7.0563736,1.7143807,0.27856973,0.42156723
0,46,0.409438,0.8882383,7.043335,1.7147999,0.27874237,0.4212482
0,47,0.41021836,0.8885194,7.0572643,1.713531,0.27891627,0.4209302
0,48,0.41069412,0.88830054,7.0495987,1.710804,0.27909145,0.42061323
0,49,0.41019416,0.8882426,7.054207,1.7161546,0.27926785,0.42029732
0,50,0.41047,0.88811314,7.0538635,1.7126565,0.2794455,0.41998243
0,51,0.4104662,0.88789713,7.0522137,1.7125931,0.2796244,0.4196686
0,52,0.4109279,0.88729775,7.056036,1.7153616,0.27980453,0.4193558
0,53,0.41138256,0.88842547,7.050026,1.7174892,0.27998587,0.41904408
0,54,0.4110179,0.88756645,7.059496,1.7157125,0.2801684,0.4187334
0,55,0.41075194,0.88802516,7.06118,1.7156477,0.2803522,0.41842377
0,56,0.4115616,0.887941,7.045105,1.7148685,0.28053716,0.4181152
0,57,0.41076922,0.8870994,7.05414,1.7142391,0.28072333,0.4178077
0,58,0.41187036,0.88777745,7.0583477,1.7154169,0.2809107,0.41750127
0,59,0.41225266,0.88702667,7.0412483,1.7168174,0.28109926,0.4171959
0,60,0.41178584,0.8870455,7.0553493,1.7149487,0.28128898,0.4168916
0,61,0.41231322,0.8874899,7.0493164,1.713655,0.28147987,0.41658837
0,62,0.41213405,0.8876437,7.061754,1.7158127,0.2816719,0.41628623
0,63,0.41205466,0.88744485,7.056673,1.7147746,0.28186515,0.41598517
0,64,0.4132725,0.8866738,7.0493107,1.7157731,0.28205952,0.41568518
0,65,0.41309333,0.88691056,7.055193,1.7166233,0.28225502,0.4153863
0,66,0.41351116,0.88615143,7.050308,1.7122488,0.28245166,0.41508847
0,67,0.41351664,0.88578165,7.0462627,1.712604,0.28264946,0.41479176
0,68,0.41343462,0.886001,7.0547066,1.716917,0.28284836,0.41449612
0,69,0.4140371,0.8864857,7.054352,1.7168484,0.28304836,0.41420162
0,70,0.41449642,0.8859304,7.0633316,1.7159429,0.2832495,0.41390818
0,71,0.4145379,0.8859347,7.049038,1.7173934,0.28345174,0.41361585
0,72,0.41419363,0.8854929,7.0600452,1.7150431,0.28365508,0.41332465
0,73,0.414976,0.88624465,7.059477,1.7112918,0.2838595,0.41303453
0,74,0.41386926,0.8861033,7.059435,1.7152038,0.284065,0.41274554
0,75,0.41425264,0.8860339,7.0441074,1.7121005,0.28427157,0.41245764
0,76,0.4149753,0.885712,7.047655,1.716342,0.28447923,0.41217086
0,77,0.41508317,0.8860208,7.055872,1.7134271,0.28468794,0.4118852
0,78,0.41459632,0.88592494,7.0657578,1.715261,0.28489769,0.41160065
0,79,0.4156915,0.88552773,7.060108,1.7155933,0.2851085,0.41131726
0,80,0.4151051,0.8855053,7.053793,1.715395,0.28532034,0.41103494
0,81,0.41543698,0.8852688,7.056095,1.7122707,0.28553322,0.4107538
0,82,0.41538513,0.8850571,7.0606174,1.7148099,0.28574714,0.41047376
0,83,0.41606927,0.8852693,7.060526,1.7108798,0.28596207,0.41019484
0,84,0.41588068,0.88511145,7.0532284,1.7123742,0.286178,0.4099171
0,85,0.41562438,0.8849162,7.055212,1.7135878,0.28639495,0.40964046
0,86,0.41663516,0.88536894,7.050194,1.7129927,0.28661287,0.40936497
0,87,0.41593373,0.8855611,7.0588512,1.7169585,0.2868318,0.4090906
0,88,0.41718245,0.88467586,7.0613213,1.7141681,0.2870517,0.4088174
0,89,0.41717017,0.88406074,7.053772,1.7167883,0.2872726,0.40854535
0,90,0.41715455,0.8849486,7.04998,1.7136092,0.28749445,0.40827444
0,91,0.41635728,0.88446033,7.052845,1.7171617,0.28771728,0.40800467
0,92,0.4172665,0.8847722,7.049019,1.7142444,0.28794104,0.40773606
0,93,0.41721058,0.88475287,7.0579853,1.7127619,0.28816575,0.40746862
0,94,0.41737998,0.8840693,7.0549335,1.7123737,0.28839138,0.4072023
0,95,0.41803253,0.8836361,7.0709896,1.7172837,0.28861797,0.40693718
0,96,0.41760147,0.8849019,7.0572815,1.7143474,0.28884545,0.4066732
0,97,0.41775823,0.8839015,7.0602245,1.7143393,0.28907388,0.40641037
0,98,0.41769016,0.88308394,7.0486813,1.7144747,0.28930318,0.40614873
0,99,0.41854465,0.88377655,7.0578403,1.7157145,0.2895334,0.40588823
1,0,0.5295243,-0.48148578,11.3829155,4.0871186,0.21677358,0.06542955
1,1,0.5296459,-0.48119634,11.385502,4.087688,0.21716641,0.06532742
1,2,0.52981293,-0.4812345,11.384514,4.0874515,0.21755894,0.06522873
1,3,0.5298952,-0.4807542,11.384188,4.0875764,0.21795115,0.0651335
1,4,0.53017163,-0.4804685,11.386724,4.0887036,0.21834308,0.06504171
1,5,0.530241,-0.4802096,11.38546,4.08818,0.2187347,0.06495338
1,6,0.5303776,-0.48010242,11.385437,4.0881143,0.21912602,0.06486851
1,7,0.53048754,-0.47981143,11.386337,4.089169,0.21951702,0.0647871
1,8,0.53048205,-0.47972953,11.384769,4.0888066,0.21990772,0.06470915
1,9,0.5306827,-0.4793681,11.384365,4.0886893,0.22029808,0.06463466
1,10,0.5306817,-0.4791764,11.385242,4.0888734,0.22068813,0.06456364
1,11,0.53084874,-0.47892785,11.38542,4.0893826,0.22107786,0.064496085
1,12,0.53092074,-0.47872943,11.385994,4.088775,0.22146726,0.064431995
1,13,0.5310738,-0.47848332,11.3846855,4.089332,0.22185633,0.064371385
1,14,0.5312592,-0.4782157,11.386513,4.090942,0.22224505,0.064314246
1,15,0.53135264,-0.47800678,11.386652,4.0900865,0.22263345,0.06426058
1,16,0.53153753,-0.47765625,11.385838,4.0907235,0.2230215,0.06421039
1,17,0.53155005,-0.4774438,11.384453,4.0904517,0.22340922,0.064163685
1,18,0.5316168,-0.47723997,11.383764,4.09092,0.22379658,0.06412046
1,19,0.5318134,-0.4769535,11.385649,4.0909963,0.22418359,0.06408071
1,20,0.5319965,-0.47666973,11.385881,4.09154,0.22457023,0.064044446
1,21,0.5321785,-0.47663635,11.3848,4.091744,0.22495653,0.06401166
1,22,0.53235805,-0.47626716,11.384766,4.092088,0.22534247,0.063982375
1,23,0.5323776,-0.47617316,11.385336,4.092302,0.22572802,0.06395657
1,24,0.5326587,-0.47573364,11.388767,4.092134,0.22611323,0.06393426
1,25,0.5325496,-0.4755684,11.384003,4.0929494,0.22649805,0.06391543
1,26,0.53264475,-0.47531486,11.384155,4.0927033,0.2268825,0.0639001
1,27,0.5327592,-0.47504836,11.384733,4.0929027,0.22726656,0.06388826
1,28,0.5330043,-0.47485185,11.384573,4.0930686,0.22765025,0.063879915
1,29,0.53301287,-0.47455186,11.384377,4.093138,0.22803356,0.06387507
1,30,0.5332402,-0.47421008,11.38599,4.0939107,0.22841647,0.063873716
1,31,0.533283,-0.47418487,11.386412,4.0942464,0.22879899,0.06387586
1,32,0.53337014,-0.47389352,11.384485,4.0939345,0.22918111,0.0638815
1,33,0.5334768,-0.47381967,11.38509,4.0942473,0.22956283,0.06389064
1,34,0.53348315,-0.4734161,11.38418,4.093512,0.22994415,0.06390329
1,35,0.53368616,-0.47324568,11.38455,4.094482,0.23032506,0.06391943
1,36,0.5339184,-0.4729035,11.3860855,4.0952706,0.23070556,0.06393908
1,37,0.53408766,-0.47268444,11.385181,4.0952277,0.23108564,0.06396223
1,38,0.53415656,-0.4725322,11.385498,4.095032,0.23146532,0.06398888
1,39,0.53426635,-0.47231525,11.386408,4.0956683,0.23184457,0.06401903
1,40,0.53445435,-0.47204125,11.38623,4.0963798,0.23222339,0.06405269
1,41,0.5345571,-0.47175395,11.386379,4.0960402,0.23260179,0.06408986
1,42,0.5346365,-0.47155148,11.385475,4.0959783,0.23297976,0.06413053
1,43,0.5347588,-0.47139376,11.386045,4.0960736,0.2333573,0.064174704
1,44,0.5347936,-0.47105026,11.385996,4.0963845,0.2337344,0.06422239
1,45,0.53486216,-0.47088587,11.385427,4.0966306,0.23411106,0.06427357
1,46,0.53503096,-0.4705814,11.385027,4.0969663,0.23448727,0.064328276
1,47,0.5352522,-0.47039402,11.386248,4.097318,0.23486303,0.06438648
1,48,0.53537154,-0.47020912,11.386631,4.098149,0.23523834,0.064448185
1,49,0.5354948,-0.46990627,11.385912,4.097235,0.2356132,0.06451341
1,50,0.5354744,-0.46960074,11.383276,4.0980334,0.23598759,0.06458213
1,51,0.535602,-0.46945179,11.384565,4.098289,0.23636153,0.064654365
1,52,0.5357635,-0.46918303,11.38382,4.0984483,0.236735,0.0647301
1,53,0.535998,-0.46892935,11.385752,4.098516,0.237108,0.06480935
1,54,0.53615415,-0.46876818,11.384981,4.098867,0.23748054,0.064892106
1,55,0.5361563,-0.46835643,11.386293,4.099337,0.23785259,0.06497837
1,56,0.53625464,-0.46825677,11.387325,4.0990386,0.23822416,0.06506814
1,57,0.53631485,-0.46788448,11.386139,4.0994344,0.23859526,0.065161414
1,58,0.536435,-0.46759045,11.3846,4.099459,0.23896587,0.0652582
1,59,0.53657925,-0.46740276,11.384874,4.0993295,0.23933598,0.06535848
1,60,0.5367192,-0.46724635,11.387787,4.0989356,0.2397056,0.06546228
1,61,0.53685915,-0.46699506,11.385649,4.100124,0.24007474,0.06556958
1,62,0.5369483,-0.46678632,11.385391,4.1000733,0.24044338,0.065680385
1,63,0.5372342,-0.46667272,11.387524,4.1003222,0.2408115,0.06579469
1,64,0.537287,-0.4662767,11.387831,4.1013436,0.24117912,0.0659125
1,65,0.5373454,-0.46614212,11.387457,4.1009088,0.24154623,0.06603382
1,66,0.5375066,-0.4657879,11.38583,4.1014094,0.24191283,0.06615864
1,67,0.53757274,-0.46554255,11.38586,4.1019206,0.24227892,0.06628695
1,68,0.53764033,-0.46539003,11.384069,4.101784,0.24264447,0.066418774
1,69,0.53783,-0.46522683,11.388393,4.1017184,0.24300951,0.06655409
1,70,0.5379262,-0.46481907,11.384695,4.102594,0.24337402,0.0666929
1,71,0.53807855,-0.46451432,11.385376,4.1030555,0.24373801,0.066835225
1,72,0.5381285,-0.464418,11.385801,4.102979,0.24410145,0.06698103
1,73,0.53831315,-0.46407777,11.385338,4.103822,0.24446437,0.06713034
1,74,0.53838444,-0.46392316,11.38493,4.1038804,0.24482673,0.067283146
1,75,0.5382606,-0.46358687,11.382647,4.102899,0.24518856,0.06743944
1,76,0.53861475,-0.46340913,11.386459,4.1037087,0.24554984,0.06759923
1,77,0.5385649,-0.4630968,11.3851185,4.1037774,0.24591057,0.06776251
1,78,0.5387833,-0.4629119,11.385691,4.1035895,0.24627075,0.067929275
1,79,0.53901744,-0.4626034,11.387207,4.1046014,0.24663036,0.068099536
1,80,0.5392202,-0.46246243,11.387613,4.1050563,0.24698941,0.068273276
1,81,0.539322,-0.4622823,11.389015,4.1051984,0.2473479,0.06845051
1,82,0.5393789,-0.46188635,11.387224,4.105704,0.24770582,0.068631224
1,83,0.5394851,-0.46172458,11.386744,4.1054463,0.24806318,0.068815425
1,84,0.53962207,-0.46164352,11.386711,4.105622,0.24841996,0.0690031
1,85,0.5398389,-0.4612307,11.387817,4.106108,0.24877615,0.06919426
1,86,0.5398828,-0.4611324,11.387646,4.1060777,0.24913177,0.06938889
1,87,0.5400262,-0.4609102,11.389162,4.1061444,0.24948679,0.069587
1,88,0.53998923,-0.4605024,11.38674,4.105846,0.24984124,0.06978859
1,89,0.5401199,-0.46030873,11.386919,4.106931,0.2501951,0.069993645
1,90,0.54025424,-0.4599982,11.387667,4.106939,0.25054833,0.07020217
1,91,0.5404147,-0.4598109,11.388163,4.107758,0.250901,0.07041417
1,92,0.54057205,-0.45953637,11.387436,4.107678,0.25125307,0.07062963
1,93,0.5406184,-0.45919514,11.387188,4.107282,0.2516045,0.070848554
1,94,0.5407791,-0.45898473,11.387924,4.107861,0.25195536,0.07107095
1,95,0.54085433,-0.45876563,11.38681,4.1080813,0.2523056,0.071296796
1,96,0.54092,-0.458638,11.388851,4.108401,0.2526552,0.0715261
1,97,0.5412142,-0.4583159,11.38785,4.107963,0.2530042,0.07175887
1,98,0.5411389,-0.45804936,11.388781,4.108599,0.25335255,0.07199508
1,99,0.5412009,-0.45774615,11.386736,4.1090407,0.25370032,0.07223475
2,0,-0.27403474,0.12077272,2.7071972,0.7510171,-0.570985,-0.010316873
2,1,-0.27426028,0.1198858,2.7087822,0.75170803,-0.5716949,-0.011020052
2,2,-0.27445692,0.11999118,2.7263126,0.7515774,-0.5724068,-0.0117238825
2,3,-0.27422994,0.11983788,2.7146378,0.7534318,-0.57312065,-0.01242836
2,4,-0.27398205,0.11979747,2.7167778,0.7525997,-0.5738365,-0.013133481
2,5,-0.2742046,0.11961377,2.723463,0.75269127,-0.5745543,-0.013839243
2,6,-0.2737729,0.120064974,2.715519,0.75464106,-0.57527405,-0.01454564
2,7,-0.2740475,0.120088816,2.7184296,0.7500024,-0.5759958,-0.01525267
2,8,-0.27394807,0.12018621,2.717598,0.7522626,-0.57671946,-0.015960328
2,9,-0.27338552,0.11952603,2.7115822,0.7534509,-0.5774451,-0.016668612
2,10,-0.2740767,0.11973071,2.7129688,0.75406647,-0.5781726,-0.017377516
2,11,-0.27373952,0.11970389,2.713768,0.75303936,-0.57890207,-0.018087039
2,12,-0.2734484,0.11968601,2.7127686,0.7521038,-0.5796334,-0.018797174
2,13,-0.27363896,0.12006092,2.7126179,0.753891,-0.5803667,-0.01950792
2,14,-0.27334756,0.11972141,2.709608,0.7521019,-0.58110183,-0.020219272
2,15,-0.27308512,0.118698,2.7131538,0.75019073,-0.58183885,-0.020931227
2,16,-0.27358562,0.119014025,2.713234,0.7514677,-0.58257776,-0.02164378
2,17,-0.27386332,0.119497776,2.710846,0.7528715,-0.58331853,-0.022356927
2,18,-0.27327526,0.119565725,2.711052,0.75100994,-0.5840612,-0.023070665
2,19,-0.27349502,0.11914313,2.7071667,0.75321865,-0.58480567,-0.023784991
2,20,-0.27289438,0.11948335,2.7215157,0.75109625,-0.585552,-0.0244999
2,21,-0.27290165,0.11922133,2.717081,0.7531414,-0.5863002,-0.02521539
2,22,-0.27260405,0.11954653,2.7188358,0.75147104,-0.58705014,-0.025931453
2,23,-0.2728148,0.11868,2.7154922,0.7526808,-0.58780193,-0.02664809
2,24,-0.27300483,0.11907709,2.7136154,0.750762,-0.5885555,-0.027365293
2,25,-0.27326876,0.1191777,2.7092113,0.7527261,-0.58931094,-0.028083062
2,26,-0.2724383,0.11898756,2.710392,0.7516699,-0.5900681,-0.02880139
2,27,-0.27245378,0.11881828,2.7136478,0.75224495,-0.59082705,-0.029520275
2,28,-0.272552,0.11900532,2.7096424,0.7539153,-0.5915878,-0.030239712
2,29,-0.272312,0.11912751,2.7128792,0.75207376,-0.5923503,-0.0309597
2,30,-0.27253866,0.119193554,2.710518,0.751606,-0.59311455,-0.03168023
2,31,-0.27247185,0.11846495,2.7043018,0.75117207,-0.59388053,-0.032401305
2,32,-0.27244592,0.1186707,2.7144985,0.75193024,-0.59464824,-0.033122912
2,33,-0.2721724,0.1185472,2.7196636,0.75430155,-0.5954177,-0.033845056
2,34,-0.27223408,0.11848891,2.7177944,0.7532797,-0.59618884,-0.03456773
2,35,-0.2724508,0.11884868,2.7145176,0.7517824,-0.5969617,-0.035290927
2,36,-0.2721029,0.1182214,2.7155647,0.75418186,-0.59773624,-0.036014646
2,37,-0.27191246,0.11852467,2.7102318,0.7515788,-0.5985125,-0.036738884
2,38,-0.27203333,0.11847699,2.7096405,0.7523308,-0.5992904,-0.03746363
2,39,-0.2723391,0.11846411,2.7149563,0.7523246,-0.60006994,-0.038188893
2,40,-0.27202272,0.11783445,2.712555,0.7525625,-0.60085124,-0.03891466
2,41,-0.2714991,0.117798686,2.7086563,0.7505293,-0.6016341,-0.03964093
2,42,-0.2718802,0.11803746,2.7077122,0.7516265,-0.60241866,-0.040367696
2,43,-0.27204645,0.11807215,2.7139664,0.75365734,-0.6032048,-0.041094955
2,44,-0.27150178,0.11764097,2.7148056,0.75081825,-0.6039926,-0.04182271
2,45,-0.2716654,0.11754894,2.7078342,0.7520094,-0.604782,-0.042550944
2,46,-0.27150702,0.11797929,2.7097054,0.7525654,-0.605573,-0.043279663
2,47,-0.2712515,0.11786103,2.7073574,0.751811,-0.60636556,-0.044008862
2,48,-0.27108186,0.11742103,2.7049408,0.7517872,-0.60715973,-0.044738535
2,49,-0.27140826,0.11756134,2.70755,0.753778,-0.6079555,-0.045468677
2,50,-0.27092326,0.11788452,2.7113895,0.7534871,-0.60875285,-0.04619929
2,51,-0.27123612,0.11752355,2.714241,0.75243425,-0.6095517,-0.046930358
2,52,-0.27136117,0.11700201,2.7147236,0.7503605,-0.6103521,-0.04766189
2,53,-0.2706657,0.11734855,2.7163754,0.74886227,-0.6111541,-0.048393875
2,54,-0.27109373,0.1173048,2.7102966,0.7536578,-0.61195755,-0.04912631
2,55,-0.2708602,0.11738765,2.7071896,0.7516589,-0.6127626,-0.049859192
2,56,-0.27080452,0.117512226,2.7080898,0.7538848,-0.6135691,-0.050592516
2,57,-0.27072698,0.11765754,2.7134972,0.75237894,-0.6143771,-0.05132628
2,58,-0.27024573,0.11666632,2.711073,0.75192213,-0.6151866,-0.052060477
2,59,-0.27031952,0.116639376,2.712473,0.752439,-0.61599755,-0.052795105
2,60,-0.27060807,0.11673677,2.7039948,0.7531891,-0.61680996,-0.05353016
2,61,-0.27051848,0.117002964,2.7029324,0.75115347,-0.61762387,-0.054265637
2,62,-0.27015567,0.11724138,2.7056942,0.7530551,-0.61843926,-0.05500153
2,63,-0.27050483,0.1175096,2.708765,0.75205135,-0.619256,-0.055737842
2,64,-0.2700981,0.11730051,2.713766,0.751914,-0.6200743,-0.056474563
2,65,-0.27005553,0.117048025,2.705267,0.75243044,-0.6208939,-0.05721169
2,66,-0.27040863,0.11690152,2.7065773,0.74904156,-0.62171495,-0.05794922
2,67,-0.27008957,0.11667287,2.7083607,0.75237846,-0.6225374,-0.058687147
2,68,-0.27045155,0.116355896,2.7056408,0.7532668,-0.62336123,-0.05942547
2,69,-0.26957297,0.11660755,2.7071247,0.7539849,-0.62418646,-0.06016418
2,70,-0.26990193,0.11634207,2.7118225,0.7511115,-0.62501305,-0.06090328
2,71,-0.26953965,0.116786,2.7076817,0.7479496,-0.625841,-0.06164276
2,72,-0.27050698,0.11622846,2.7103004,0.7516155,-0.6266703,-0.06238262
2,73,-0.26940036,0.11653876,2.7006264,0.752615,-0.62750095,-0.06312285
2,74,-0.2697358,0.116668105,2.7089272,0.7507057,-0.6283329,-0.063863456
2,75,-0.26957208,0.11620438,2.7041836,0.75358295,-0.62916625,-0.064604424
2,76,-0.26959264,0.11626816,2.706705,0.75157785,-0.6300008,-0.06534575
2,77,-0.2695471,0.11534035,2.7127934,0.75191784,-0.6308367,-0.06608744
2,78,-0.26976466,0.1163646,2.7125683,0.7498436,-0.63167393,-0.06682948
2,79,-0.26938254,0.11602795,2.7095642,0.75105953,-0.63251245,-0.06757187
2,80,-0.26906824,0.11591816,2.7027836,0.75371647,-0.63335216,-0.068314604
2,81,-0.26929355,0.116291165,2.7085342,0.7524009,-0.6341932,-0.06905768
2,82,-0.26933265,0.115458846,2.7123203,0.74996424,-0.63503546,-0.0698011
2,83,-0.2686262,0.11600435,2.709961,0.7519617,-0.635879,-0.07054485
2,84,-0.26895493,0.115327835,2.704195,0.7516346,-0.6367237,-0.07128892
2,85,-0.26901233,0.11570203,2.708458,0.75220346,-0.63756967,-0.07203332
2,86,-0.26909548,0.11584568,2.7126923,0.74917364,-0.6384168,-0.072778046
2,87,-0.26850444,0.115178585,2.7049255,0.7529206,-0.6392652,-0.07352308
2,88,-0.26867008,0.11609769,2.7040043,0.7495885,-0.6401147,-0.07426843
2,89,-0.26874727,0.115911126,2.7069836,0.75054455,-0.64096546,-0.07501409
2,90,-0.26831853,0.11555922,2.7055054,0.751328,-0.6418174,-0.07576005
2,91,-0.26841688,0.11541128,2.704256,0.7522421,-0.64267045,-0.07650632
2,92,-0.26835376,0.11526346,2.7060013,0.752254,-0.64352465,-0.07725288
2,93,-0.26846814,0.11567283,2.7032242,0.75222445,-0.64438,-0.077999726
2,94,-0.26828927,0.11483145,2.7107906,0.74957895,-0.6452365,-0.07874687
2,95,-0.26836103,0.11417627,2.7040348,0.75200224,-0.6460941,-0.07949429
2,96,-0.2686203,0.11451948,2.7071056,0.7497053,-0.6469528,-0.08024199
2,97,-0.26805007,0.11511719,2.7030487,0.75180435,-0.6478126,-0.080989964
2,98,-0.26816273,0.114907146,2.7004051,0.7498107,-0.6486735,-0.08173822
2,99,-0.26856786,0.115125656,2.7093544,0.7489095,-0.6495354,-0.08248673
3,0,-0.27312046,0.9729773,-0.82183456,0.11117411,0.15972193,0.18620797
3,1,-0.27342147,0.97341263,-0.81847954,0.11152172,0.15827556,0.1867495
3,2,-0.27322382,0.97372305,-0.82815456,0.10808945,0.15682898,0.18728766
3,3,-0.27302575,0.97427404,-0.8196192,0.11136246,0.15538225,0.18782245
3,4,-0.27264363,0.97414315,-0.81766033,0.11173344,0.15393536,0.18835384
3,5,-0.27296054,0.9741584,-0.8297157,0.1114583,0.1524883,0.18888186
3,6,-0.27326334,0.97468364,-0.8226166,0.11364317,0.15104112,0.18940647
3,7,-0.27321362,0.97471154,-0.81927013,0.11057758,0.14959383,0.18992771
3,8,-0.27280408,0.9744512,-0.82024956,0.1122427,0.14814642,0.19044554
3,9,-0.27300715,0.97475374,-0.8314333,0.11110115,0.1466989,0.19095996
3,10,-0.27313036,0.97469985,-0.81557083,0.111521244,0.14525133,0.191471
3,11,-0.27330494,0.97495925,-0.8158951,0.11263418,0.14380367,0.19197862
3,12,-0.272339,0.9742309,-0.8250179,0.11247206,0.14235596,0.19248281
3,13,-0.2735713,0.97530115,-0.82508945,0.11470318,0.14090823,0.19298361
3,14,-0.2732725,0.97434485,-0.83261776,0.113536835,0.13946044,0.19348098
3,15,-0.2734058,0.9748405,-0.8236227,0.1121974,0.13801266,0.19397494
3,16,-0.27330905,0.97590196,-0.82174397,0.10936499,0.13656488,0.19446547
3,17,-0.2738515,0.9748372,-0.8164396,0.113247395,0.1351171,0.19495256
3,18,-0.27324766,0.97570837,-0.81962776,0.112109184,0.13366935,0.19543624
3,19,-0.2732544,0.9755064,-0.8251276,0.10959005,0.13222164,0.19591647
3,20,-0.2731151,0.97554743,-0.8205147,0.1138134,0.13077398,0.19639327
3,21,-0.27262735,0.9750501,-0.8192024,0.115011215,0.12932639,0.19686662
3,22,-0.27327472,0.97552335,-0.8130455,0.113856316,0.12787887,0.19733652
3,23,-0.27399063,0.9759177,-0.83211994,0.11109638,0.12643145,0.19780299
3,24,-0.27391887,0.97626126,-0.8324995,0.11252642,0.12498413,0.198266
3,25,-0.27280992,0.97646415,-0.8337107,0.11237049,0.12353694,0.19872557
3,26,-0.27467334,0.9757694,-0.82535744,0.11204767,0.12208987,0.19918166
3,27,-0.27393955,0.9767736,-0.8226156,0.110060215,0.12064295,0.19963431
3,28,-0.27349305,0.9762572,-0.81964874,0.11322212,0.11919619,0.2000835
3,29,-0.27345157,0.97656476,-0.821084,0.10992193,0.1177496,0.2005292
3,30,-0.2734223,0.97587264,-0.82295513,0.10919905,0.1163032,0.20097145
3,31,-0.273086,0.9764303,-0.82954216,0.1117301,0.11485699,0.20141022
3,32,-0.27355206,0.9766387,-0.8170366,0.11528015,0.113410994,0.20184553
3,33,-0.2740779,0.9767443,-0.81831264,0.11351919,0.111965224,0.20227735
3,34,-0.2739656,0.97727334,-0.819726,0.11517477,0.11051969,0.20270568
3,35,-0.27422184,0.9772469,-0.8211851,0.116072655,0.10907441,0.20313054
3,36,-0.27364492,0.9768828,-0.8287239,0.11325884,0.10762939,0.20355192
3,37,-0.27485895,0.9763516,-0.8253021,0.11153078,0.10618465,0.2039698
3,38,-0.27401268,0.9767462,-0.81520176,0.11558676,0.104740195,0.2043842
3,39,-0.27401054,0.97736514,-0.8182268,0.1115489,0.10329605,0.20479509
3,40,-0.27416623,0.9772905,-0.81720924,0.11286974,0.10185222,0.2052025
3,41,-0.27373862,0.9771286,-0.8266821,0.1133399,0.10040872,0.2056064
3,42,-0.27468038,0.9771737,-0.8131275,0.114911556,0.09896556,0.20600681
3,43,-0.27451432,0.9780594,-0.81882,0.115222454,0.09752276,0.20640372
3,44,-0.27395236,0.9772774,-0.8224945,0.113129616,0.096080326,0.20679711
3,45,-0.27477115,0.9773866,-0.81429195,0.11413908,0.09463827,0.207187
3,46,-0.27486688,0.97794783,-0.82376957,0.115798,0.093196616,0.20757337
3,47,-0.27426833,0.97798336,-0.8205166,0.113453865,0.09175536,0.20795622
3,48,-0.27461046,0.9783107,-0.8260708,0.11426592,0.09031454,0.20833556
3,49,-0.27419978,0.978228,-0.8186903,0.11364126,0.08887414,0.20871139
3,50,-0.27452785,0.97849214,-0.8237438,0.11408949,0.087434195,0.20908369
3,51,-0.27457583,0.97863925,-0.81939507,0.11489344,0.085994706,0.20945247
3,52,-0.27522033,0.9784471,-0.8209915,0.11644316,0.08455569,0.20981772
3,53,-0.2748503,0.9784628,-0.82512665,0.11306572,0.083117165,0.21017945
3,54,-0.27429432,0.97768176,-0.82590294,0.11628103,0.081679136,0.21053764
3,55,-0.2749768,0.9783741,-0.8218107,0.11225128,0.08024161,0.2108923
3,56,-0.27511507,0.9790648,-0.81892204,0.116341114,0.07880462,0.21124344
3,57,-0.27561575,0.97928417,-0.8135967,0.112519264,0.07736817,0.21159104
3,58,-0.27485782,0.97902405,-0.82154083,0.1147871,0.075932264,0.21193509
3,59,-0.27447766,0.9788791,-0.8297825,0.11456156,0.074496925,0.2122756
3,60,-0.2744307,0.97898114,-0.8178005,0.1140604,0.07306216,0.21261257
3,61,-0.2750246,0.9791292,-0.8261614,0.11545086,0.07162798,0.212946
3,62,-0.27507657,0.97934926,-0.8207798,0.11202431,0.07019441,0.21327588
3,63,-0.27584475,0.9785737,-0.82237625,0.11443567,0.06876145,0.21360222
3,64,-0.27544332,0.97871625,-0.8156347,0.116634846,0.067329116,0.21392499
3,65,-0.27427822,0.9793683,-0.8162422,0.11259127,0.06589743,0.21424422
3,66,-0.27473223,0.9793626,-0.82330704,0.11461592,0.064466394,0.2145599
3,67,-0.274814,0.9794296,-0.81181526,0.11439896,0.063036025,0.214872
3,68,-0.2752871,0.97950184,-0.8177109,0.113605976,0.061606333,0.21518056
3,69,-0.27511704,0.97989285,-0.8302698,0.11732626,0.060177334,0.21548557
3,70,-0.27539325,0.9797138,-0.8181658,0.114135265,0.05874904,0.21578701
3,71,-0.27507865,0.98015153,-0.8238535,0.11449671,0.05732146,0.21608488
3,72,-0.2758206,0.9798559,-0.83285713,0.11406994,0.055894613,0.2163792
3,73,-0.2747842,0.97959125,-0.8274641,0.11435461,0.05446851,0.21666993
3,74,-0.2751224,0.98005784,-0.82354736,0.115859985,0.053043157,0.21695712
3,75,-0.2755053,0.98080456,-0.8118334,0.115386486,0.051618576,0.21724072
3,76,-0.27576542,0.9805745,-0.820508,0.1171298,0.050194778,0.21752076
3,77,-0.27629083,0.98090065,-0.8184042,0.11688948,0.04877177,0.21779722
3,78,-0.2756719,0.98132765,-0.8197689,0.114566326,0.04734957,0.21807012
3,79,-0.2748677,0.98102605,-0.8239193,0.11389685,0.045928188,0.21833943
3,80,-0.2761343,0.9812652,-0.82864094,0.113428116,0.044507634,0.21860516
3,81,-0.2757455,0.9804677,-0.81634426,0.11622143,0.04308793,0.21886732
3,82,-0.27621514,0.98082364,-0.81647205,0.11221981,0.04166908,0.2191259
3,83,-0.27568883,0.98085463,-0.8170366,0.11829567,0.040251095,0.2193809
3,84,-0.27544016,0.981109,-0.8225031,0.11660814,0.038834,0.21963231
3,85,-0.27623898,0.9817108,-0.82897663,0.11486673,0.03741779,0.21988015
3,86,-0.27597058,0.98197615,-0.8185034,0.11675787,0.036002494,0.2201244
3,87,-0.27529436,0.9823116,-0.8279457,0.114778996,0.034588113,0.22036506
3,88,-0.27552092,0.9815439,-0.82800865,0.11533642,0.033174664,0.22060212
3,89,-0.27567905,0.98099935,-0.81426525,0.119081974,0.03176216,0.22083561
3,90,-0.27678818,0.9820601,-0.8261919,0.11391592,0.030350614,0.2210655
3,91,-0.27593917,0.98121035,-0.81774235,0.115664005,0.028940037,0.22129181
3,92,-0.27597505,0.9819118,-0.82376957,0.11484146,0.027530441,0.22151452
3,93,-0.27627593,0.9821204,-0.81862736,0.11625242,0.026121838,0.22173364
3,94,-0.27646452,0.9818765,-0.8132038,0.116948605,0.024714243,0.22194918
3,95,-0.27672178,0.9826237,-0.8213196,0.11795044,0.023307666,0.22216111
3,96,-0.27548015,0.9820956,-0.8201828,0.111590385,0.02190212,0.22236945
3,97,-0.27587146,0.9822773,-0.81484795,0.11646366,0.020497616,0.22257419
3,98,-0.27689886,0.98249424,-0.81488323,0.11929941,0.019094171,0.22277534
3,99,-0.2764365,0.9827398,-0.82552814,0.11859751,0.017691793,0.22297288
4,0,0.8182676,-0.84697115,-3.9055176,-1.1414542,-0.56806004,0.35665607
4,1,0.819396,-0.8485674,-3.909587,-1.1360335,-0.5672097,0.3574793
4,2,0.8176582,-0.84850395,-3.894722,-1.1424093,-0.5663577,0.3583028
4,3,0.81686544,-0.8485656,-3.912632,-1.1417499,-0.56550395,0.35912657
4,4,0.8169708,-0.84866196,-3.9134035,-1.1483355,-0.5646485,0.35995057
4,5,0.8177178,-0.8479754,-3.8956127,-1.1489806,-0.56379133,0.36077484
4,6,0.81785655,-0.8490926,-3.8954515,-1.1461172,-0.5629325,0.3615994
4,7,0.81901956,-0.84740853,-3.9070883,-1.1413302,-0.562072,0.36242417
4,8,0.8177912,-0.8481704,-3.8792257,-1.1444783,-0.56120974,0.3632492
4,9,0.8191891,-0.84710425,-3.9060354,-1.1523552,-0.5603459,0.36407453
4,10,0.8174248,-0.848277,-3.9124193,-1.1463356,-0.5594803,0.36490008
4,11,0.81746626,-0.8485096,-3.9089203,-1.1454339,-0.55861306,0.36572587
4,12,0.81721354,-0.8477985,-3.9014597,-1.139503,-0.5577442,0.36655194
4,13,0.81796527,-0.8482404,-3.8824062,-1.139565,-0.5568736,0.36737823
4,14,0.81713915,-0.8487742,-3.8844767,-1.1467924,-0.5560014,0.36820477
4,15,0.8173163,-0.84851706,-3.9020138,-1.1407704,-0.5551275,0.36903155
4,16,0.8177817,-0.8480936,-3.890644,-1.1359429,-0.554252,0.36985856
4,17,0.81913257,-0.8486855,-3.8684301,-1.1454563,-0.5533748,0.37068585
4,18,0.81712127,-0.8488598,-3.9400082,-1.1415806,-0.552496,0.37151337
4,19,0.8181255,-0.8486829,-3.8906336,-1.1447353,-0.5516156,0.3723411
4,20,0.8181021,-0.8491327,-3.903079,-1.1385732,-0.5507335,0.3731691
4,21,0.81676054,-0.84767073,-3.9105654,-1.1457152,-0.5498498,0.3739973
4,22,0.81711745,-0.84862274,-3.9020348,-1.1378398,-0.5489645,0.37482575
4,23,0.8171582,-0.84842193,-3.887415,-1.1356091,-0.5480775,0.37565443
4,24,0.81758523,-0.84756017,-3.9153118,-1.136023,-0.547189,0.37648332
4,25,0.81552315,-0.8485948,-3.904995,-1.1432967,-0.54629886,0.37731245
4,26,0.8168721,-0.8481101,-3.8804312,-1.1335592,-0.54540706,0.37814182
4,27,0.8161044,-0.84980583,-3.900072,-1.1392632,-0.5445137,0.3789714
4,28,0.8149481,-0.8478421,-3.8751822,-1.1429772,-0.54361874,0.3798012
4,29,0.8171227,-0.84846735,-3.9052677,-1.1390095,-0.54272217,0.38063124
4,30,0.8163283,-0.8504504,-3.9154215,-1.1347022,-0.54182404,0.38146147
4,31,0.8165798,-0.8474767,-3.9107103,-1.138277,-0.5409243,0.38229194
4,32,0.8170066,-0.8476715,-3.9243164,-1.1329393,-0.54002297,0.38312262
4,33,0.8160219,-0.8478812,-3.9262896,-1.1450367,-0.5391201,0.3839535
4,34,0.8136139,-0.84766096,-3.88124,-1.1410499,-0.53821564,0.3847846
4,35,0.81659555,-0.84905267,-3.8870668,-1.147327,-0.53730965,0.38561592
4,36,0.8155849,-0.8486389,-3.9020233,-1.1384015,-0.53640205,0.38644743
4,37,0.816746,-0.84803414,-3.9035788,-1.141089,-0.5354929,0.38727915
4,38,0.81578517,-0.84824777,-3.9139652,-1.1397133,-0.53458226,0.38811108
4,39,0.81584096,-0.84793127,-3.9068003,-1.1345196,-0.53367,0.3889432
4,40,0.8149476,-0.84746087,-3.8870115,-1.1379218,-0.5327562,0.3897755
4,41,0.81647277,-0.8482698,-3.8915148,-1.142479,-0.5318409,0.39060804
4,42,0.8145056,-0.8483412,-3.8898249,-1.1350074,-0.5309241,0.39144078
4,43,0.81676674,-0.84912676,-3.8862677,-1.1411719,-0.5300057,0.3922737
4,44,0.81408024,-0.8492893,-3.9195433,-1.1390681,-0.52908576,0.3931068
4,45,0.81599784,-0.8494419,-3.9147406,-1.1396008,-0.5281643,0.3939401
4,46,0.8162606,-0.8476442,-3.8943024,-1.1372027,-0.5272414,0.39477357
4,47,0.81672764,-0.8487979,-3.9145947,-1.1375709,-0.52631694,0.39560723
4,48,0.8160083,-0.8493335,-3.9244623,-1.1336408,-0.525391,0.39644107
4,49,0.8151958,-0.8475164,-3.906433,-1.1457691,-0.52446353,0.39727512
4,50,0.8158467,-0.8466524,-3.9011316,-1.1270599,-0.52353454,0.39810932
4,51,0.8146281,-0.8485029,-3.8914852,-1.1341767,-0.5226041,0.39894372
4,52,0.8153603,-0.8480656,-3.8891106,-1.1431737,-0.5216721,0.39977828
4,53,0.8156104,-0.8463545,-3.916048,-1.1358523,-0.5207387,0.40061304
4,54,0.8138776,-0.84797883,-3.9269514,-1.1422858,-0.5198038,0.40144795
4,55,0.8138902,-0.84981126,-3.932352,-1.1389184,-0.51886743,0.402283
4,56,0.81575084,-0.8487022,-3.8926868,-1.1416259,-0.51792955,0.40311828
4,57,0.81453276,-0.84894353,-3.9177837,-1.14082,-0.51699024,0.40395367
4,58,0.81329226,-0.84693646,-3.9039621,-1.1381087,-0.51604944,0.40478927
4,59,0.8154483,-0.8487127,-3.9083176,-1.1276159,-0.5151072,0.405625
4,60,0.8139005,-0.8497009,-3.9012728,-1.1400924,-0.5141635,0.40646088
4,61,0.81389165,-0.848094,-3.9218645,-1.1428962,-0.51321834,0.40729693
4,62,0.8148718,-0.8471187,-3.9228096,-1.1373553,-0.51227176,0.40813315
4,63,0.81511354,-0.8496652,-3.9215221,-1.130363,-0.5113237,0.4089695
4,64,0.8152852,-0.8488694,-3.916088,-1.138113,-0.51037425,0.409806
4,65,0.8142133,-0.8505027,-3.9158688,-1.1345377,-0.5094233,0.41064265
4,66,0.8123205,-0.8496401,-3.916627,-1.1376009,-0.508471,0.41147944
4,67,0.8154321,-0.8479825,-3.9083452,-1.1273122,-0.5075172,0.4123164
4,68,0.81248736,-0.84938884,-3.9111452,-1.1330309,-0.50656205,0.41315347
4,69,0.813313,-0.8482027,-3.875924,-1.1378169,-0.5056055,0.4139907
4,70,0.8134165,-0.8497204,-3.8813772,-1.1394215,-0.5046475,0.41482806
4,71,0.81266236,-0.848946,-3.9019012,-1.1240363,-0.5036881,0.41566554
4,72,0.81415224,-0.8486466,-3.9252453,-1.1275792,-0.5027273,0.41650316
4,73,0.8138633,-0.849154,-3.9247017,-1.1386728,-0.50176513,0.4173409
4,74,0.81291914,-0.8482761,-3.9059286,-1.1337671,-0.50080156,0.41817877
4,75,0.81276274,-0.84616756,-3.8992605,-1.1383901,-0.4998366,0.41901678
4,76,0.8141916,-0.84868443,-3.914999,-1.1388111,-0.49887022,0.4198549
4,77,0.8156669,-0.8485507,-3.9118576,-1.1365557,-0.4979025,0.42069313
4,78,0.8122325,-0.848055,-3.8995762,-1.1249485,-0.49693343,0.4215315
4,79,0.8127575,-0.8466091,-3.9013853,-1.1311946,-0.49596295,0.42236996
4,80,0.8143394,-0.84812224,-3.8792715,-1.1376281,-0.49499112,0.42320853
4,81,0.8118541,-0.84812516,-3.9006462,-1.1314921,-0.49401796,0.42404723
4,82,0.8123169,-0.84834516,-3.9121218,-1.138423,-0.49304342,0.42488602
4,83,0.8114805,-0.8471108,-3.9174404,-1.1337733,-0.49206755,0.42572492
4,84,0.8128319,-0.8483444,-3.9123726,-1.1334448,-0.4910903,0.42656392
4,85,0.8130932,-0.84775877,-3.9198475,-1.1336145,-0.49011174,0.42740303
4,86,0.81214905,-0.84775597,-3.9234648,-1.133997,-0.48913184,0.42824224
4,87,0.8132365,-0.8476695,-3.8836374,-1.1339979,-0.4881506,0.42908153
4,88,0.8133755,-0.8480079,-3.9052925,-1.1326251,-0.48716804,0.4299209
4,89,0.8113799,-0.84719133,-3.9234304,-1.1373086,-0.48618415,0.43076038
4,90,0.81269693,-0.8479001,-3.903903,-1.1352944,-0.48519894,0.43159994
4,91,0.81299305,-0.8475151,-3.8880472,-1.1380243,-0.48421243,0.43243957
4,92,0.8100524,-0.8474472,-3.9138346,-1.1384149,-0.48322463,0.4332793
4,93,0.81244254,-0.8474586,-3.8924599,-1.1306896,-0.4822355,0.4341191
4,94,0.81212354,-0.84767544,-3.8960104,-1.1364527,-0.48124507,0.434959
4,95,0.8116169,-0.84917593,-3.9279547,-1.1359534,-0.48025337,0.43579894
4,96,0.812346,-0.84829545,-3.909339,-1.133143,-0.47926036,0.43663895
4,97,0.8103192,-0.8493906,-3.8668528,-1.1181412,-0.47826606,0.43747905
4,98,0.8118274,-0.8497837,-3.9000063,-1.1327915,-0.47727048,0.4383192
4,99,0.8114016,-0.8481246,-3.9023428,-1.1297379,-0.47627366,0.43915942
5,0,-0.7826159,-0.90495163,5.5737076,2.1961012,-0.2454223,0.13769467
5,1,-0.7822436,-0.90556425,5.560936,2.2010632,-0.24689475,0.13765818
5,2,-0.78189206,-0.9062383,5.5659103,2.196238,-0.24836287,0.13761988
5,3,-0.7828053,-0.90421927,5.573778,2.2005205,-0.24982665,0.13757978
5,4,-0.779811,-0.90468013,5.5515556,2.197744,-0.25128612,0.13753788
5,5,-0.78215873,-0.905115,5.566633,2.1994653,-0.25274122,0.13749416
5,6,-0.78202915,-0.90544915,5.563677,2.195005,-0.25419196,0.13744862
5,7,-0.78159904,-0.90496016,5.5560703,2.1977654,-0.25563833,0.13740125
5,8,-0.78104615,-0.90545094,5.5871735,2.1987314,-0.25708035,0.13735206
5,9,-0.78177917,-0.90496016,5.568493,2.1966877,-0.25851792,0.13730104
5,10,-0.7817827,-0.9050383,5.5689583,2.1972785,-0.25995114,0.13724819
5,11,-0.7807753,-0.90438867,5.569376,2.1987486,-0.2613799,0.13719349
5,12,-0.78123784,-0.9042568,5.5736237,2.2003784,-0.26280427,0.13713694
5,13,-0.78117037,-0.9040687,5.5712376,2.2019181,-0.2642242,0.13707854
5,14,-0.7807361,-0.90524864,5.561754,2.20257,-0.26563966,0.13701828
5,15,-0.78080404,-0.9040061,5.5708447,2.199873,-0.26705068,0.13695616
5,16,-0.78112423,-0.90358794,5.5695496,2.2027926,-0.26845723,0.13689215
5,17,-0.7814404,-0.9035425,5.573042,2.1987214,-0.2698593,0.13682629
5,18,-0.7815423,-0.9029646,5.5733356,2.200801,-0.2712569,0.13675857
5,19,-0.7798557,-0.9030552,5.5757713,2.2002516,-0.27265,0.13668893
5,20,-0.7799988,-0.9034797,5.559002,2.202362,-0.27403858,0.13661744
5,21,-0.7796049,-0.9029663,5.5626125,2.1993985,-0.27542263,0.13654403
5,22,-0.7800584,-0.9023781,5.560421,2.1990662,-0.27680218,0.13646875
5,23,-0.78031063,-0.90194726,5.564543,2.2018528,-0.27817717,0.13639155
5,24,-0.7809068,-0.90240073,5.559557,2.1974783,-0.2795476,0.13631245
5,25,-0.7804483,-0.90208733,5.5628586,2.197565,-0.2809135,0.13623145
5,26,-0.78098077,-0.9021678,5.5664883,2.1979742,-0.2822748,0.13614854
5,27,-0.78061616,-0.9017524,5.5762825,2.2030144,-0.28363153,0.13606371
5,28,-0.77953005,-0.90211016,5.574053,2.1976075,-0.2849837,0.13597696
5,29,-0.77976525,-0.9015026,5.563242,2.1990461,-0.28633124,0.13588826
5,30,-0.77976644,-0.9012474,5.5716114,2.2061481,-0.28767416,0.13579765
5,31,-0.78063923,-0.9010951,5.565378,2.208766,-0.2890125,0.1357051
5,32,-0.78028846,-0.90015036,5.560526,2.2044735,-0.29034618,0.13561061
5,33,-0.7804717,-0.9013096,5.5582848,2.1972933,-0.2916752,0.13551418
5,34,-0.78049725,-0.900468,5.5670853,2.1994386,-0.2929996,0.1354158
5,35,-0.7797339,-0.9002358,5.5673885,2.2037868,-0.29431933,0.13531548
5,36,-0.7794897,-0.9006047,5.5645657,2.202281,-0.2956344,0.1352132
5,37,-0.7792492,-0.8996483,5.5648384,2.202025,-0.2969448,0.13510895
5,38,-0.77965045,-0.90087783,5.5626755,2.2030478,-0.2982505,0.13500273
5,39,-0.77967834,-0.90014815,5.5697784,2.203843,-0.2995515,0.13489455
5,40,-0.77995217,-0.89923817,5.5664406,2.2090993,-0.30084777,0.1347844
5,41,-0.7785101,-0.89939564,5.5802174,2.2054625,-0.30213934,0.13467227
5,42,-0.77880335,-0.90016747,5.5580864,2.2016497,-0.3034262,0.13455817
5,43,-0.7785973,-0.89939666,5.574648,2.2004962,-0.3047083,0.13444208
5,44,-0.77990973,-0.8993504,5.5706425,2.2089891,-0.30598566,0.134324
5,45,-0.7795192,-0.89898586,5.5717106,2.204464,-0.30725828,0.13420393
5,46,-0.77868605,-0.89802516,5.5642147,2.206695,-0.30852613,0.13408186
5,47,-0.77958745,-0.8984004,5.5793953,2.201941,-0.30978918,0.1339578
5,48,-0.7788204,-0.8991935,5.5730877,2.2040973,-0.31104746,0.13383172
5,49,-0.7801726,-0.8984579,5.568804,2.2017212,-0.31230098,0.13370365
5,50,-0.77921736,-0.8976666,5.55966,2.2076344,-0.31354967,0.13357356
5,51,-0.77838886,-0.8987132,5.5597477,2.2047563,-0.31479353,0.13344146
5,52,-0.7781092,-0.89795995,5.561222,2.203803,-0.3160326,0.13330735
5,53,-0.7788551,-0.89775884,5.564291,2.2067375,-0.31726682,0.13317122
5,54,-0.78032506,-0.897037,5.5765343,2.2062807,-0.3184962,0.13303305
5,55,-0.77770674,-0.8983221,5.576191,2.2041688,-0.31972075,0.13289286
5,56,-0.7779131,-0.8964065,5.571417,2.2091613,-0.3209404,0.13275065
5,57,-0.77867687,-0.8978458,5.572651,2.2100878,-0.32215524,0.13260639
5,58,-0.7776148,-0.89585567,5.575821,2.2087717,-0.32336518,0.13246009
5,59,-0.7786968,-0.8961489,5.571865,2.204846,-0.3245702,0.13231175
5,60,-0.77868044,-0.8970243,5.5669117,2.2088037,-0.32577038,0.13216136
5,61,-0.7786686,-0.89572173,5.5722046,2.2123423,-0.32696563,0.13200893
5,62,-0.77830637,-0.8951119,5.564808,2.206859,-0.328156,0.13185444
5,63,-0.7771277,-0.89588857,5.5903263,2.210178,-0.3293414,0.13169791
5,64,-0.77777773,-0.8962431,5.564966,2.2122211,-0.3305219,0.13153931
5,65,-0.7780746,-0.89515924,5.5629883,2.212576,-0.33169746,0.13137865
5,66,-0.77851045,-0.8953266,5.5758533,2.2091703,-0.3328681,0.13121593
5,67,-0.7781739,-0.894536,5.5589657,2.2038445,-0.33403376,0.13105114
5,68,-0.7783736,-0.8953165,5.568411,2.209466,-0.33519444,0.13088427
5,69,-0.7781851,-0.89430976,5.5794907,2.2111268,-0.33635017,0.13071534
5,70,-0.7779109,-0.8949472,5.5665665,2.2109919,-0.33750093,0.13054433
5,71,-0.7773609,-0.8953122,5.5693626,2.2108488,-0.33864668,0.13037124
5,72,-0.7777455,-0.89392424,5.564867,2.2071943,-0.33978742,0.13019606
5,73,-0.77714,-0.8945937,5.5614777,2.206121,-0.3409232,0.1300188
5,74,-0.7762288,-0.8943297,5.5668488,2.2125554,-0.34205392,0.12983945
5,75,-0.7775457,-0.8945526,5.5747166,2.209012,-0.34317964,0.12965801
5,76,-0.7766737,-0.8939354,5.5576286,2.2111502,-0.34430033,0.12947448
5,77,-0.7768391,-0.8931937,5.56007,2.2131429,-0.34541598,0.12928885
5,78,-0.7768241,-0.8935416,5.5587196,2.2087517,-0.3465266,0.12910113
5,79,-0.7768882,-0.8928366,5.5774174,2.2162414,-0.34763214,0.12891129
5,80,-0.77781874,-0.892496,5.567295,2.2088199,-0.34873262,0.12871936
5,81,-0.77672136,-0.89333165,5.5667706,2.2092562,-0.34982803,0.1285253
5,82,-0.778165,-0.89220166,5.562807,2.212462,-0.35091835,0.12832916
5,83,-0.77560014,-0.892826,5.5602455,2.210239,-0.3520036,0.12813088
5,84,-0.7767951,-0.89237916,5.5737953,2.2058353,-0.35308373,0.1279305
5,85,-0.77681285,-0.89173484,5.5755615,2.2085552,-0.3541588,0.127728
5,86,-0.77694786,-0.89152944,5.5658054,2.2082505,-0.35522872,0.12752339
5,87,-0.7771895,-0.89182484,5.561941,2.20884,-0.35629353,0.12731665
5,88,-0.7774513,-0.8917815,5.566122,2.2084842,-0.3573532,0.12710778
5,89,-0.7763251,-0.8926171,5.5688896,2.209972,-0.35840777,0.12689678
5,90,-0.7770128,-0.8917086,5.572918,2.2136116,-0.35945717,0.12668367
5,91,-0.7758273,-0.8899379,5.5665207,2.2097077,-0.36050144,0.1264684
5,92,-0.7761711,-0.89039546,5.544714,2.2100177,-0.36154053,0.12625103
5,93,-0.77574134,-0.8905647,5.5690174,2.211659,-0.36257446,0.12603149
5,94,-0.776726,-0.89052504,5.5630226,2.2100673,-0.36360323,0.12580983
5,95,-0.7763659,-0.88991314,5.5606804,2.2097669,-0.3646268,0.12558603
5,96,-0.7757324,-0.8908526,5.5801334,2.2110453,-0.3656452,0.12536009
5,97,-0.77660024,-0.88939095,5.56855,2.2088547,-0.3666584,0.125132
5,98,-0.77686226,-0.89016294,5.564617,2.2100158,-0.36766636,0.12490176
5,99,-0.77688915,-0.8890717,5.579441,2.2106376,-0.36866915,0.12466937
6,0,0.34152937,-1.0614653,-1.2285595,-0.16156912,-0.74033105,-0.10264146
6,1,0.34304333,-1.0610168,-1.22468,-0.16231775,-0.7416286,-0.10171025
6,2,0.34119582,-1.0611132,-1.2202759,-0.16320896,-0.74292254,-0.10077825
6,3,0.34160602,-1.0620477,-1.2216349,-0.16418123,-0.7442129,-0.09984546
6,4,0.34150815,-1.0603771,-1.221467,-0.1704874,-0.7454996,-0.09891189
6,5,0.34321332,-1.0620103,-1.2140636,-0.16510963,-0.7467828,-0.09797754
6,6,0.3429922,-1.0602715,-1.2174292,-0.16401482,-0.74806225,-0.097042404
6,7,0.3430537,-1.0604475,-1.2209282,-0.17000055,-0.74933815,-0.0961065
6,8,0.3410113,-1.0604568,-1.2206507,-0.15609264,-0.75061035,-0.09516981
6,9,0.34275746,-1.06153,-1.2422934,-0.16901922,-0.751879,-0.094232365
6,10,0.34008026,-1.0603253,-1.2183123,-0.16328716,-0.75314397,-0.09329414
6,11,0.34114444,-1.0612262,-1.2107525,-0.16179085,-0.75440526,-0.092355154
6,12,0.34227514,-1.060908,-1.2193604,-0.16361666,-0.7556629,-0.09141541
6,13,0.3427577,-1.0609725,-1.2126579,-0.1668067,-0.7569169,-0.0904749
6,14,0.34219742,-1.0605669,-1.2237186,-0.15439081,-0.75816727,-0.089533634
6,15,0.3406539,-1.0608107,-1.2020731,-0.16729403,-0.7594139,-0.08859161
6,16,0.3402059,-1.0618548,-1.2175512,-0.16487932,-0.7606569,-0.08764884
6,17,0.33958018,-1.0593723,-1.2197428,-0.1666441,-0.7618962,-0.08670532
6,18,0.34006584,-1.060935,-1.2009125,-0.15979576,-0.76313186,-0.085761055
6,19,0.34109867,-1.0597811,-1.2327356,-0.16758585,-0.76436377,-0.08481604
6,20,0.34162772,-1.0605495,-1.1954861,-0.1616273,-0.76559204,-0.08387029
6,21,0.34114444,-1.0598404,-1.222269,-0.16694212,-0.76681656,-0.0829238
6,22,0.34163702,-1.0594306,-1.2091417,-0.16271114,-0.7680374,-0.08197657
6,23,0.34023738,-1.0595802,-1.1971779,-0.1636486,-0.7692545,-0.08102861
6,24,0.34035158,-1.0609977,-1.2073746,-0.15602827,-0.77046794,-0.08007993
6,25,0.34272742,-1.0602434,-1.2277546,-0.15681934,-0.7716776,-0.07913051
6,26,0.3418665,-1.0594615,-1.223177,-0.15670538,-0.77288353,-0.078180365
6,27,0.34078646,-1.0585703,-1.2109394,-0.15607882,-0.77408576,-0.07722951
6,28,0.34191942,-1.0593427,-1.2039137,-0.16591406,-0.7752843,-0.07627793
6,29,0.34150136,-1.0602505,-1.2121372,-0.16804504,-0.776479,-0.07532563
6,30,0.34145308,-1.0603235,-1.2178917,-0.15956259,-0.77767,-0.07437262
6,31,0.3412969,-1.0602298,-1.2289915,-0.1704073,-0.7788573,-0.07341889
6,32,0.34158146,-1.0603738,-1.2223635,-0.16634941,-0.78004074,-0.072464466
6,33,0.34219182,-1.0593117,-1.252202,-0.16386986,-0.7812205,-0.07150933
6,34,0.34135365,-1.060139,-1.21558,-0.16495705,-0.7823965,-0.07055349
6,35,0.34190857,-1.0611414,-1.2210169,-0.16107845,-0.7835687,-0.06959695
6,36,0.34119403,-1.0593377,-1.2259502,-0.16100931,-0.7847371,-0.06863972
6,37,0.34047782,-1.0587415,-1.220932,-0.1620903,-0.7859017,-0.0676818
6,38,0.34064686,-1.058729,-1.2008991,-0.16138792,-0.7870626,-0.066723175
6,39,0.3407948,-1.0585253,-1.2278795,-0.16156912,-0.78821963,-0.06576387
6,40,0.33929396,-1.0583475,-1.2189016,-0.1625576,-0.7893729,-0.064803876
6,41,0.3420372,-1.0600897,-1.2191706,-0.16246271,-0.7905224,-0.0638432
6,42,0.34154654,-1.0592852,-1.2383766,-0.17408085,-0.79166806,-0.06288184
6,43,0.34192526,-1.0597625,-1.2354822,-0.17063904,-0.7928099,-0.061919812
6,44,0.34064913,-1.0587298,-1.2423992,-0.16599703,-0.79394794,-0.060957104
6,45,0.341012,-1.0592322,-1.2092743,-0.15996742,-0.79508215,-0.059993725
6,46,0.34144986,-1.0585759,-1.2383127,-0.16461754,-0.79621255,-0.059029676
6,47,0.34007573,-1.059454,-1.2207451,-0.16299295,-0.79733914,-0.058064964
6,48,0.34078026,-1.0598496,-1.2392521,-0.16570234,-0.7984619,-0.057099584
6,49,0.34020114,-1.0577959,-1.2009659,-0.16713047,-0.7995808,-0.05613355
6,50,0.3407004,-1.0574341,-1.2265854,-0.1691885,-0.8006959,-0.055166855
6,51,0.34101963,-1.0598621,-1.2378969,-0.16557837,-0.8018071,-0.054199506
6,52,0.3408624,-1.0600599,-1.229888,-0.16770267,-0.80291444,-0.053231504
6,53,0.34150302,-1.0600626,-1.2325077,-0.16549492,-0.80401796,-0.052262854
6,54,0.34079516,-1.0591283,-1.229269,-0.16025162,-0.8051176,-0.05129356
6,55,0.34047234,-1.0589006,-1.2217426,-0.16516113,-0.8062134,-0.05032362
6,56,0.34053814,-1.0574248,-1.2195072,-0.1603384,-0.80730534,-0.04935304
6,57,0.340904,-1.05906,-1.220747,-0.1645956,-0.80839336,-0.048381824
6,58,0.34048533,-1.0590689,-1.2392864,-0.17015982,-0.80947757,-0.047409974
6,59,0.34015858,-1.058086,-1.2375965,-0.1626029,-0.81055784,-0.04643749
6,60,0.3397851,-1.0592655,-1.2585669,-0.16952848,-0.81163424,-0.045464378
6,61,0.34121966,-1.0593264,-1.1994638,-0.1608162,-0.81270677,-0.04449064
6,62,0.33893657,-1.0597486,-1.2305889,-0.16528654,-0.81377536,-0.04351628
6,63,0.34048462,-1.0594966,-1.2301035,-0.155972,-0.8148401,-0.042541295
6,64,0.33915782,-1.0588286,-1.2370796,-0.15895128,-0.8159009,-0.041565698
6,65,0.3407687,-1.0579332,-1.256774,-0.16597033,-0.81695783,-0.040589485
6,66,0.3401407,-1.0581856,-1.235693,-0.16465235,-0.8180108,-0.03961266
6,67,0.33919287,-1.0582126,-1.2026491,-0.16017818,-0.8190599,-0.038635224
6,68,0.3399607,-1.0587078,-1.2396116,-0.16526842,-0.8201051,-0.037657186
6,69,0.33804512,-1.0585335,-1.222784,-0.16117096,-0.8211463,-0.03667854
6,70,0.33937418,-1.05776,-1.2369156,-0.17339134,-0.8221836,-0.0356993
6,71,0.33965766,-1.0589005,-1.2388124,-0.16005707,-0.823217,-0.03471946
6,72,0.33865547,-1.0575693,-1.2357407,-0.15834904,-0.82424647,-0.033739027
6,73,0.34089947,-1.0585058,-1.2267838,-0.16524458,-0.82527196,-0.032758
6,74,0.33872974,-1.0586485,-1.2243319,-0.16471672,-0.8262935,-0.031776387
6,75,0.33907914,-1.0581181,-1.230752,-0.1621356,-0.8273111,-0.030794187
6,76,0.3387221,-1.0575624,-1.2207899,-0.15879583,-0.8283248,-0.029811405
6,77,0.33979988,-1.0572499,-1.2369328,-0.16782427,-0.8293345,-0.028828042
6,78,0.33914137,-1.0585637,-1.2493677,-0.16442299,-0.8303402,-0.027844103
6,79,0.33929121,-1.0578392,-1.2310839,-0.16656351,-0.831342,-0.02685959
6,80,0.33839548,-1.0575693,-1.2335014,-0.16083765,-0.8323398,-0.025874509
6,81,0.34065866,-1.0587876,-1.2452297,-0.1607008,-0.8333336,-0.024888856
6,82,0.33978617,-1.0565193,-1.2411213,-0.16205835,-0.83432347,-0.02390264
6,83,0.33949435,-1.0581228,-1.2236423,-0.16627836,-0.8353094,-0.022915863
6,84,0.3401487,-1.0562017,-1.2535801,-0.16002369,-0.83629125,-0.021928525
6,85,0.3399198,-1.0584319,-1.24364,-0.16091537,-0.8372692,-0.02094063
6,86,0.34063196,-1.0574881,-1.2453642,-0.16735172,-0.83824307,-0.019952182
6,87,0.3406558,-1.0554897,-1.2176981,-0.16409254,-0.839213,-0.018963184
6,88,0.33887327,-1.0573798,-1.2219257,-0.17172432,-0.84017897,-0.017973641
6,89,0.3402722,-1.0576302,-1.2405701,-0.16675091,-0.84114087,-0.01698355
6,90,0.33868074,-1.0565734,-1.2134247,-0.16211796,-0.8420988,-0.015992919
6,91,0.33964372,-1.0567349,-1.2452612,-0.1653595,-0.8430527,-0.015001751
6,92,0.33883047,-1.0575049,-1.2419024,-0.15854406,-0.84400254,-0.014010046
6,93,0.33846664,-1.0572355,-1.2236605,-0.16702509,-0.8449485,-0.013017808
6,94,0.338058,-1.0573153,-1.229783,-0.1588254,-0.8458903,-0.012025041
6,95,0.3379445,-1.0569906,-1.2470169,-0.16847801,-0.8468281,-0.011031747
6,96,0.33964705,-1.0569357,-1.2136784,-0.16486025,-0.8477619,-0.010037929
6,97,0.34052658,-1.0569602,-1.2069292,-0.16593695,-0.8486917,-0.009043591
6,98,0.33859563,-1.0572448,-1.2300434,-0.16387415,-0.8496174,-0.008048735
6,99,0.3387289,-1.0554578,-1.2346926,-0.15736485,-0.8505391,-0.0070533645
7,0,-0.2010268,-0.20165563,-0.17129517,-0.4445529,0.4154041,-0.410445
7,1,-0.20090163,-0.20282471,-0.16414833,-0.4481473,0.41406852,-0.41160986
7,2,-0.20111477,-0.20275235,-0.16527367,-0.44815397,0.41272756,-0.4127741
7,3,-0.20070815,-0.20298636,-0.16831589,-0.44816637,0.41138127,-0.4139376
7,4,-0.20085037,-0.20310593,-0.17033577,-0.4483986,0.41002965,-0.4151004
7,5,-0.20067203,-0.20343983,-0.169487,-0.4491439,0.4086727,-0.41626248
7,6,-0.20071626,-0.20339835,-0.1686058,-0.44861555,0.40731046,-0.4174238
7,7,-0.20060885,-0.20361614,-0.1707592,-0.44814634,0.40594292,-0.4185844
7,8,-0.20051575,-0.20388246,-0.16505241,-0.4482336,0.40457013,-0.41974422
7,9,-0.2003535,-0.20411468,-0.16857338,-0.44916153,0.4031921,-0.42090324
7,10,-0.2004478,-0.20440805,-0.16546059,-0.44789124,0.40180883,-0.42206144
7,11,-0.20036292,-0.20443463,-0.16762352,-0.44851685,0.40042034,-0.42321882
7,12,-0.20061171,-0.20454693,-0.16724396,-0.44824648,0.39902666,-0.42437536
7,13,-0.2002387,-0.20476317,-0.16850471,-0.4485736,0.39762777,-0.42553103
7,14,-0.2002188,-0.20481789,-0.1671238,-0.44866705,0.39622375,-0.42668584
7,15,-0.20020592,-0.20508611,-0.16649055,-0.44825983,0.39481455,-0.42783976
7,16,-0.2000922,-0.20533323,-0.16691971,-0.44828892,0.39340025,-0.42899275
7,17,-0.20005786,-0.2057246,-0.16794777,-0.4483943,0.39198083,-0.43014482
7,18,-0.1998415,-0.20573914,-0.16791916,-0.4489994,0.39055628,-0.43129593
7,19,-0.20000494,-0.20594084,-0.168396,-0.4487915,0.3891267,-0.4324461
7,20,-0.20003033,-0.20610964,-0.16943169,-0.44914627,0.387692,-0.43359527
7,21,-0.1998415,-0.20629895,-0.16682243,-0.44928503,0.38625228,-0.43474346
7,22,-0.1997137,-0.20649827,-0.16726494,-0.44960833,0.38480756,-0.43589064
7,23,-0.19962275,-0.2067169,-0.165699,-0.44982195,0.3833578,-0.4370368
7,24,-0.19973814,-0.20711255,-0.1688919,-0.44948626,0.38190305,-0.4381819
7,25,-0.19943237,-0.20722091,-0.16945648,-0.44966745,0.38044333,-0.43932596
7,26,-0.19940305,-0.20748365,-0.16928864,-0.4496441,0.37897864,-0.4404689
7,27,-0.19937742,-0.207412,-0.1676178,-0.44950008,0.37750903,-0.44161078
7,28,-0.19938517,-0.20780075,-0.16429329,-0.4501562,0.3760345,-0.44275153
7,29,-0.19924426,-0.20794356,-0.17000008,-0.45052767,0.37455505,-0.44389114
7,30,-0.19923055,-0.20798504,-0.16727638,-0.44996166,0.37307072,-0.44502962
7,31,-0.19947779,-0.20844007,-0.16732407,-0.4498229,0.37158152,-0.44616693
7,32,-0.1992408,-0.20850492,-0.16771507,-0.45020628,0.37008744,-0.44730306
7,33,-0.19919002,-0.20871603,-0.16733551,-0.4507408,0.36858857,-0.448438
7,34,-0.1988231,-0.20900083,-0.16807938,-0.45047855,0.3670849,-0.4495717
7,35,-0.19897318,-0.2092017,-0.16615105,-0.45051718,0.3655764,-0.4507042
7,36,-0.19904709,-0.20918143,-0.16449738,-0.45028353,0.3640631,-0.45183542
7,37,-0.1987989,-0.20940411,-0.16625595,-0.45094013,0.3625451,-0.4529654
7,38,-0.19891691,-0.20954657,-0.16457558,-0.4510107,0.36102232,-0.4540941
7,39,-0.19888222,-0.20980561,-0.16780281,-0.4514246,0.35949484,-0.4552215
7,40,-0.19857132,-0.20997512,-0.16513824,-0.45202494,0.35796264,-0.45634758
7,41,-0.19852054,-0.21044314,-0.16874123,-0.45131588,0.3564258,-0.45747232
7,42,-0.19856858,-0.21030426,-0.1656475,-0.45159817,0.35488424,-0.45859572
7,43,-0.19852078,-0.21052623,-0.1658535,-0.45170307,0.35333806,-0.45971775
7,44,-0.19848275,-0.21093702,-0.16769409,-0.4517765,0.35178724,-0.4608384
7,45,-0.19806612,-0.21132898,-0.1631813,-0.45318985,0.35023183,-0.46195766
7,46,-0.19819939,-0.21131957,-0.16899681,-0.45233488,0.3486718,-0.4630755
7,47,-0.19828808,-0.21137166,-0.16571808,-0.45302153,0.34710723,-0.4641919
7,48,-0.19774485,-0.2119168,-0.16152191,-0.45293093,0.34553808,-0.46530685
7,49,-0.1980617,-0.21175373,-0.1672039,-0.45192385,0.34396443,-0.46642035
7,50,-0.19796193,-0.21217132,-0.1663723,-0.45309258,0.34238625,-0.46753237
7,51,-0.19806552,-0.2122041,-0.16632652,-0.45267582,0.3408036,-0.46864286
7,52,-0.1978705,-0.21256459,-0.16508102,-0.45257425,0.33921644,-0.46975186
7,53,-0.19784093,-0.21274877,-0.16482925,-0.45228338,0.33762485,-0.47085932
7,54,-0.19782865,-0.21280193,-0.16583633,-0.45263767,0.3360288,-0.47196522
7,55,-0.19767773,-0.21291232,-0.16411018,-0.45299768,0.33442837,-0.47306958
7,56,-0.19763029,-0.21312487,-0.16308784,-0.45334864,0.33282351,-0.47417235
7,57,-0.19780707,-0.21334052,-0.1643982,-0.45263863,0.33121428,-0.4752735
7,58,-0.1975162,-0.21352088,-0.1656704,-0.453732,0.32960072,-0.47637305
7,59,-0.19745255,-0.21374094,-0.16599274,-0.45376587,0.3279828,-0.47747096
7,60,-0.19731426,-0.21397269,-0.16754341,-0.45314693,0.32636058,-0.47856724
7,61,-0.1973455,-0.21440685,-0.16493225,-0.45419884,0.32473406,-0.47966185
7,62,-0.19718671,-0.21439886,-0.16467857,-0.45350695,0.32310325,-0.48075476
7,63,-0.19716871,-0.21450937,-0.16677856,-0.45494223,0.3214682,-0.48184597
7,64,-0.1971116,-0.21491063,-0.16240883,-0.45503616,0.3198289,-0.4829355
7,65,-0.19697845,-0.21492434,-0.16629028,-0.45401335,0.3181854,-0.48402327
7,66,-0.19684875,-0.21509373,-0.16307068,-0.4541726,0.31653768,-0.4851093
7,67,-0.19708705,-0.21535659,-0.16551971,-0.45379162,0.3148858,-0.48619357
7,68,-0.1969539,-0.21573353,-0.165308,-0.4544158,0.31322977,-0.48727605
7,69,-0.19696712,-0.21590889,-0.1651001,-0.4542718,0.3115696,-0.48835674
7,70,-0.19689488,-0.21591973,-0.16366577,-0.45480728,0.30990532,-0.48943558
7,71,-0.19676173,-0.21627033,-0.16028214,-0.45537472,0.30823696,-0.49051264
7,72,-0.19650018,-0.21653712,-0.16448975,-0.4546156,0.3065645,-0.49158785
7,73,-0.19673562,-0.21651793,-0.16511154,-0.45463705,0.304888,-0.49266118
7,74,-0.19672751,-0.21676898,-0.16220284,-0.4550562,0.30320746,-0.49373263
7,75,-0.19644725,-0.21715558,-0.16533661,-0.4554844,0.3015229,-0.49480218
7,76,-0.19667304,-0.21708667,-0.16272163,-0.455585,0.2998344,-0.49586982
7,77,-0.19639921,-0.21730506,-0.16292953,-0.4555049,0.2981419,-0.49693555
7,78,-0.19624686,-0.21757364,-0.16244125,-0.45689154,0.29644543,-0.4979993
7,79,-0.19628513,-0.21769154,-0.16378784,-0.45582724,0.29474506,-0.4990611
7,80,-0.19617462,-0.21798599,-0.16234207,-0.45588255,0.29304078,-0.50012094
7,81,-0.19620538,-0.21816301,-0.16475296,-0.4557476,0.2913326,-0.5011788
7,82,-0.19606471,-0.21834934,-0.16381264,-0.45589352,0.28962058,-0.50223464
7,83,-0.19605243,-0.21855438,-0.1626625,-0.45640802,0.2879047,-0.5032884
7,84,-0.19596851,-0.21875751,-0.16428375,-0.45588493,0.28618503,-0.5043402
7,85,-0.19597042,-0.21882868,-0.16312218,-0.45640612,0.28446153,-0.50538987
7,86,-0.19606173,-0.21892393,-0.16197586,-0.45610714,0.28273425,-0.5064375
7,87,-0.19587898,-0.21945047,-0.16287613,-0.45680237,0.28100324,-0.507483
7,88,-0.19574928,-0.21951497,-0.15984154,-0.45670557,0.27926847,-0.50852644
7,89,-0.19594038,-0.21981764,-0.16377449,-0.45710468,0.27752998,-0.50956774
7,90,-0.1955359,-0.220052,-0.16365051,-0.45631456,0.27578783,-0.51060694
7,91,-0.19558585,-0.220114,-0.16043663,-0.4566927,0.27404198,-0.51164395
7,92,-0.19536817,-0.22025847,-0.1637516,-0.45654774,0.2722925,-0.51267874
7,93,-0.19540834,-0.22041619,-0.16285515,-0.4569354,0.27053937,-0.5137114
7,94,-0.19553411,-0.22086155,-0.16153336,-0.45759773,0.26878265,-0.51474184
7,95,-0.19503593,-0.22097516,-0.16328049,-0.45686722,0.26702234,-0.5157701
7,96,-0.19537342,-0.22095144,-0.16085052,-0.458261,0.2652585,-0.51679605
7,97,-0.19523811,-0.22130835,-0.16181564,-0.45763254,0.2634911,-0.5178198
7,98,-0.19510329,-0.22157347,-0.16322899,-0.45781803,0.26172015,-0.51884127
7,99,-0.19507933,-0.22168982,-0.16215897,-0.45789003,0.25994575,-0.51986045
8,0,-0.7510337,-0.8983854,-5.5250883,-1.7454672,-0.11062164,0.46901307
8,1,-0.7507111,-0.89926064,-5.531521,-1.7412875,-0.110147625,0.469854
8,2,-0.7503755,-0.8978702,-5.531767,-1.7363205,-0.109673135,0.470692
8,3,-0.7517475,-0.8999057,-5.5383825,-1.7421572,-0.109198175,0.47152713
8,4,-0.75142366,-0.89902127,-5.5265827,-1.7430186,-0.10872276,0.4723593
8,5,-0.7521453,-0.8994741,-5.523221,-1.7378743,-0.1082469,0.47318855
8,6,-0.7521999,-0.89926076,-5.530034,-1.7427747,-0.107770614,0.47401488
8,7,-0.7524176,-0.8987332,-5.5267935,-1.7415974,-0.10729391,0.4748383
8,8,-0.7515713,-0.89921844,-5.5317554,-1.7403729,-0.1068168,0.47565874
8,9,-0.7525959,-0.8996216,-5.5221987,-1.7397206,-0.1063393,0.47647625
8,10,-0.7520168,-0.89869106,-5.5237255,-1.7413111,-0.10586142,0.47729084
8,11,-0.75158083,-0.89934045,-5.532421,-1.737977,-0.105383165,0.47810245
8,12,-0.75208175,-0.89941967,-5.5228596,-1.7380152,-0.10490456,0.4789111
8,13,-0.7531675,-0.89895236,-5.531375,-1.7407343,-0.10442562,0.4797168
8,14,-0.7537883,-0.8997159,-5.5329323,-1.7359955,-0.103946336,0.48051953
8,15,-0.752724,-0.89987594,-5.5220346,-1.7414124,-0.103466734,0.4813193
8,16,-0.7523611,-0.8991742,-5.532549,-1.7393296,-0.102986835,0.48211607
8,17,-0.75349706,-0.8996616,-5.520731,-1.739605,-0.10250664,0.4829099
8,18,-0.75371253,-0.89923835,-5.5214577,-1.7362807,-0.10202616,0.48370072
8,19,-0.7537271,-0.89998627,-5.5286407,-1.7367954,-0.10154541,0.48448855
8,20,-0.7531256,-0.8991598,-5.538643,-1.7373867,-0.10106441,0.4852734
8,21,-0.7539698,-0.899866,-5.5230923,-1.7368255,-0.10058316,0.48605523
8,22,-0.75396514,-0.89945775,-5.530322,-1.7402055,-0.10010168,0.48683408
8,23,-0.7530031,-0.899503,-5.5430098,-1.7370391,-0.099619985,0.4876099
8,24,-0.7542726,-0.90004694,-5.5151997,-1.7339246,-0.09913808,0.48838273
8,25,-0.75350463,-0.90030396,-5.534175,-1.733952,-0.09865598,0.48915255
8,26,-0.7541945,-0.90045357,-5.532545,-1.7358155,-0.0981737,0.48991933
8,27,-0.7539161,-0.89953744,-5.5136623,-1.7347641,-0.097691245,0.49068308
8,28,-0.7543392,-0.90032506,-5.529416,-1.7375772,-0.09720864,0.4914438
8,29,-0.75376284,-0.90023595,-5.5177813,-1.7393014,-0.09672589,0.49220154
8,30,-0.75459266,-0.900425,-5.5399656,-1.7361977,-0.096243,0.4929562
8,31,-0.7545149,-0.90093017,-5.5335035,-1.7348418,-0.09576,0.4937078
8,32,-0.75433517,-0.9003271,-5.5199614,-1.7337637,-0.095276885,0.49445638
8,33,-0.75514984,-0.9005437,-5.5236807,-1.7358634,-0.09479368,0.49520192
8,34,-0.75501674,-0.8994585,-5.5309973,-1.7367947,-0.09431039,0.49594438
8,35,-0.7543509,-0.90145415,-5.533781,-1.7365305,-0.09382703,0.4966838
8,36,-0.75485337,-0.9002638,-5.5172615,-1.7330391,-0.093343616,0.49742013
8,37,-0.75431645,-0.90081406,-5.531193,-1.7312617,-0.092860155,0.49815342
8,38,-0.7547258,-0.89927876,-5.523164,-1.7334206,-0.09237666,0.49888363
8,39,-0.75496364,-0.90033245,-5.530298,-1.7335668,-0.09189314,0.49961078
8,40,-0.75652313,-0.8996781,-5.5335684,-1.7318954,-0.091409616,0.50033486
8,41,-0.755411,-0.9010153,-5.522382,-1.7336402,-0.090926096,0.50105584
8,42,-0.75434065,-0.9010262,-5.525302,-1.7315471,-0.09044259,0.5017737
8,43,-0.75540507,-0.9006405,-5.5134745,-1.7323327,-0.089959115,0.5024885
8,44,-0.75535625,-0.8999016,-5.5276957,-1.7376988,-0.089475684,0.5032002
8,45,-0.75642174,-0.9006659,-5.525031,-1.7363067,-0.088992305,0.5039088
8,46,-0.75558585,-0.90058005,-5.528308,-1.7325852,-0.08850899,0.5046143
8,47,-0.7549406,-0.90095234,-5.5271797,-1.7293344,-0.088025756,0.5053167
8,48,-0.75609565,-0.900834,-5.5332003,-1.7310355,-0.087542616,0.50601596
8,49,-0.75572824,-0.9009503,-5.5336256,-1.7290428,-0.08705957,0.50671214
8,50,-0.75618327,-0.9008704,-5.528611,-1.7299788,-0.08657665,0.50740516
8,51,-0.75785494,-0.9011343,-5.52956,-1.7339351,-0.08609386,0.5080951
8,52,-0.75661784,-0.90087944,-5.525276,-1.7278214,-0.0856112,0.50878185
8,53,-0.75686944,-0.90029,-5.528776,-1.7327783,-0.085128695,0.5094655
8,54,-0.7559663,-0.900712,-5.5203257,-1.7305641,-0.08464636,0.5101461
8,55,-0.757339,-0.9009234,-5.5249844,-1.7284427,-0.0841642,0.5108234
8,56,-0.7564934,-0.9016745,-5.528617,-1.7310028,-0.08368223,0.5114977
8,57,-0.7561408,-0.9007907,-5.5242767,-1.7292213,-0.08320046,0.5121688
8,58,-0.75687814,-0.9002397,-5.529439,-1.7302828,-0.08271891,0.51283675
8,59,-0.7558464,-0.9006926,-5.5294514,-1.7285435,-0.08223759,0.5135015
8,60,-0.75759625,-0.9005025,-5.5227604,-1.731194,-0.0817565,0.5141632
8,61,-0.7574868,-0.90166104,-5.5297174,-1.731272,-0.081275664,0.51482165
8,62,-0.75669295,-0.901135,-5.5331326,-1.7225633,-0.080795094,0.515477
8,63,-0.75827754,-0.90053844,-5.5224934,-1.7289884,-0.0803148,0.51612914
8,64,-0.7566023,-0.90106237,-5.5378485,-1.7246246,-0.0798348,0.5167781
8,65,-0.75803363,-0.90114313,-5.5301924,-1.7224302,-0.07935509,0.51742387
8,66,-0.75745606,-0.9013685,-5.5310936,-1.7311077,-0.0788757,0.5180665
8,67,-0.7568971,-0.9020468,-5.5265045,-1.7294645,-0.07839663,0.51870596
8,68,-0.75760996,-0.9012941,-5.5340614,-1.7275171,-0.0779179,0.5193422
8,69,-0.75784016,-0.9009977,-5.527053,-1.7247868,-0.07743953,0.51997524
8,70,-0.7584826,-0.9012879,-5.5151176,-1.7289412,-0.07696151,0.52060515
8,71,-0.75737524,-0.9017674,-5.5378056,-1.7250662,-0.076483876,0.5212318
8,72,-0.7580517,-0.90158796,-5.531955,-1.7258067,-0.07600662,0.5218553
8,73,-0.7583322,-0.9011469,-5.5274334,-1.7317202,-0.07552976,0.52247554
8,74,-0.75895745,-0.9019966,-5.5313683,-1.7225311,-0.07505332,0.5230926
8,75,-0.7588474,-0.9013393,-5.5204163,-1.730263,-0.0745773,0.52370644
8,76,-0.7588217,-0.9015572,-5.5224924,-1.7286353,-0.07410172,0.5243171
8,77,-0.7590421,-0.9009205,-5.5342016,-1.7253411,-0.073626585,0.5249245
8,78,-0.7591177,-0.90261513,-5.535075,-1.72123,-0.07315191,0.5255287
8,79,-0.7592052,-0.9019371,-5.5280275,-1.7227945,-0.07267771,0.52612966
8,80,-0.7592819,-0.901163,-5.5181217,-1.7236011,-0.07220399,0.52672744
8,81,-0.75941217,-0.90084434,-5.5291967,-1.7230833,-0.07173077,0.52732193
8,82,-0.7590035,-0.901166,-5.5458374,-1.7207437,-0.07125805,0.5279132
8,83,-0.7594583,-0.9022498,-5.5206814,-1.7246346,-0.070785865,0.5285013
8,84,-0.75929654,-0.9018266,-5.5337343,-1.72542,-0.070314206,0.5290861
8,85,-0.7591384,-0.9026804,-5.543848,-1.7218566,-0.0698431,0.5296677
8,86,-0.75939083,-0.901834,-5.5443926,-1.7255859,-0.06937254,0.53024596
8,87,-0.76010823,-0.90202457,-5.539817,-1.7216735,-0.06890256,0.530821
8,88,-0.7587366,-0.9021419,-5.523299,-1.7249055,-0.06843316,0.5313929
8,89,-0.7593767,-0.9023292,-5.518403,-1.7220385,-0.06796435,0.53196144
8,90,-0.76010007,-0.902369,-5.5407715,-1.7243514,-0.06749615,0.53252673
8,91,-0.75963885,-0.90164036,-5.527193,-1.7248023,-0.06702857,0.5330888
8,92,-0.75993735,-0.9026536,-5.529464,-1.718235,-0.06656162,0.53364754
8,93,-0.7596122,-0.9018544,-5.5361385,-1.7205849,-0.06609531,0.53420305
8,94,-0.76093686,-0.9016492,-5.529727,-1.7240539,-0.06562965,0.5347553
8,95,-0.7603767,-0.9027318,-5.527026,-1.7210889,-0.06516466,0.5353043
8,96,-0.76017416,-0.9019834,-5.5210257,-1.71489,-0.06470035,0.53585
8,97,-0.76085395,-0.90185344,-5.5309153,-1.7205706,-0.06423673,0.5363924
8,98,-0.7603072,-0.9026184,-5.5181923,-1.7227049,-0.06377381,0.5369315
8,99,-0.7605751,-0.9023951,-5.5351143,-1.7207441,-0.063311614,0.53746736
9,0,-0.46471864,0.46300995,2.518505,0.41512156,0.26227915,-0.53897154
9,1,-0.46546978,0.4632932,2.5173264,0.41169453,0.26261124,-0.54003096
9,2,-0.46520656,0.4629519,2.5165634,0.4127555,0.26294324,-0.54108834
9,3,-0.46506315,0.4630313,2.5199394,0.41266823,0.26327518,-0.54214376
9,4,-0.4651754,0.46294236,2.5208378,0.41220236,0.26360703,-0.5431971
9,5,-0.46481323,0.46299398,2.5220509,0.41272688,0.26393884,-0.54424846
9,6,-0.46486056,0.4624424,2.5175838,0.41281176,0.26427057,-0.54529774
9,7,-0.46459168,0.46262765,2.5238285,0.411829,0.2646022,-0.54634494
9,8,-0.4644941,0.46206772,2.5222206,0.4130144,0.2649338,-0.5473901
9,9,-0.4646483,0.46209395,2.5191135,0.41169596,0.26526532,-0.5484332
9,10,-0.46419692,0.46200478,2.52322,0.4110942,0.26559678,-0.5494742
9,11,-0.4644091,0.4617113,2.523878,0.4106984,0.26592818,-0.5505131
9,12,-0.4640206,0.46198046,2.5204334,0.41148806,0.2662595,-0.55154985
9,13,-0.46408582,0.46155214,2.5264225,0.411736,0.2665907,-0.5525845
9,14,-0.46417868,0.46163976,2.5209026,0.41082668,0.2669219,-0.5536171
9,15,-0.4640692,0.461339,2.5194473,0.41015005,0.267253,-0.5546475
9,16,-0.46398056,0.46113932,2.5207691,0.41178465,0.26758406,-0.5556758
9,17,-0.46408236,0.46077895,2.5195942,0.4119792,0.26791504,-0.55670196
9,18,-0.46374375,0.4608972,2.5183296,0.4110694,0.26824594,-0.5577259
9,19,-0.46365017,0.46066177,2.5176659,0.41104555,0.2685768,-0.5587477
9,20,-0.4637704,0.46024156,2.5188255,0.40988922,0.26890755,-0.5597673
9,21,-0.46331567,0.4603467,2.52137,0.41102028,0.26923826,-0.56078476
9,22,-0.46322423,0.46019757,2.5189342,0.411098,0.2695689,-0.5618
9,23,-0.4631129,0.45987904,2.517889,0.41112185,0.26989946,-0.56281304
9,24,-0.46326244,0.45958996,2.5192451,0.41033697,0.27022997,-0.5638238
9,25,-0.46291715,0.45971084,2.521471,0.41123343,0.2705604,-0.5648324
9,26,-0.4631198,0.45941448,2.5182743,0.4106245,0.27089077,-0.56583875
9,27,-0.46272075,0.45927358,2.520832,0.41050053,0.27122107,-0.56684285
9,28,-0.46254092,0.45908618,2.5198936,0.40890265,0.2715513,-0.5678447
9,29,-0.46280813,0.45915627,2.5210743,0.40927935,0.27188146,-0.56884426
9,30,-0.4625166,0.4591825,2.5209255,0.4102106,0.27221158,-0.56984156
9,31,-0.46243703,0.4583174,2.5161781,0.40923977,0.2725416,-0.57083654
9,32,-0.4623906,0.45843863,2.518549,0.40938568,0.27287155,-0.57182926
9,33,-0.46227568,0.45842028,2.5203266,0.4102087,0.27320147,-0.5728197
9,34,-0.46219814,0.45854652,2.5210934,0.41020346,0.2735313,-0.5738078
9,35,-0.4620731,0.45797372,2.5240993,0.4088583,0.27386102,-0.5747936
9,36,-0.46197474,0.45804477,2.518816,0.40972185,0.27419072,-0.57577705
9,37,-0.46169293,0.45753205,2.5194168,0.41038132,0.27452034,-0.57675815
9,38,-0.46202958,0.45786595,2.5223122,0.40968418,0.2748499,-0.5777369
9,39,-0.46196097,0.45740747,2.5211506,0.4105277,0.2751794,-0.5787133
9,40,-0.4618659,0.45736837,2.5198135,0.41020346,0.2755088,-0.57968736
9,41,-0.46164244,0.4571842,2.5197506,0.40994978,0.27583814,-0.58065903
9,42,-0.46138978,0.45715892,2.5215359,0.40976858,0.27616742,-0.5816283
9,43,-0.46115005,0.45691502,2.5193405,0.40936327,0.27649662,-0.58259517
9,44,-0.46151954,0.45666862,2.5226784,0.41075706,0.2768258,-0.58355963
9,45,-0.46123236,0.45670414,2.5215893,0.4091487,0.27715483,-0.5845217
9,46,-0.46131963,0.45642054,2.5207214,0.4081812,0.27748385,-0.58548135
9,47,-0.46094692,0.4562341,2.5221157,0.40977144,0.27781278,-0.58643854
9,48,-0.46105057,0.45619583,2.5216827,0.40997362,0.27814162,-0.5873933
9,49,-0.4607361,0.4558382,2.5199318,0.40949202,0.27847043,-0.5883456
9,50,-0.46030104,0.45579982,2.5214176,0.4061675,0.27879915,-0.58929545
9,51,-0.46066087,0.45585752,2.521597,0.40784407,0.27912778,-0.5902428
9,52,-0.46009701,0.45544374,2.5164795,0.40621424,0.27945638,-0.5911877
9,53,-0.46038836,0.4553933,2.5209713,0.4080243,0.2797849,-0.5921301
9,54,-0.46041304,0.45515633,2.5199108,0.40824795,0.2801133,-0.59307003
9,55,-0.46015638,0.45527506,2.5209827,0.40850735,0.28044167,-0.59400743
9,56,-0.46020406,0.4552052,2.521799,0.4083557,0.28076997,-0.59494233
9,57,-0.4599678,0.4542141,2.5227966,0.40518093,0.2810982,-0.5958747
9,58,-0.4600954,0.45441604,2.5210247,0.40859556,0.28142634,-0.5968045
9,59,-0.45982164,0.45399714,2.5245972,0.4082384,0.2817544,-0.5977318
9,60,-0.45989865,0.45430112,2.5221043,0.40806627,0.2820824,-0.59865654
9,61,-0.45972264,0.45409393,2.521246,0.4078288,0.28241032,-0.59957874
9,62,-0.45954168,0.4540875,2.5237331,0.406878,0.28273818,-0.6004983
9,63,-0.4594937,0.45402873,2.5268803,0.4081235,0.28306594,-0.60141534
9,64,-0.45938426,0.45346808,2.5226421,0.407207,0.28339365,-0.6023298
9,65,-0.45918906,0.45363104,2.5218792,0.4075799,0.28372127,-0.60324156
9,66,-0.45919883,0.45346785,2.520731,0.4077201,0.28404883,-0.60415083
9,67,-0.45911098,0.45334387,2.5217113,0.4077692,0.2843763,-0.6050574
9,68,-0.4588591,0.45326948,2.5214005,0.406209,0.2847037,-0.6059614
9,69,-0.4589525,0.4529928,2.5216808,0.40750408,0.28503102,-0.6068627
9,70,-0.4588681,0.4528451,2.5231094,0.4042859,0.28535825,-0.60776144
9,71,-0.4587484,0.45260203,2.521717,0.40545082,0.28568542,-0.6086575
9,72,-0.45838833,0.4521401,2.5231915,0.4067955,0.28601253,-0.6095509
9,73,-0.4584672,0.45234132,2.5227013,0.40597343,0.28633952,-0.6104416
9,74,-0.45854408,0.4521165,2.5207214,0.40632057,0.28666645,-0.6113297
9,75,-0.45854163,0.45172286,2.521141,0.40679502,0.2869933,-0.612215
9,76,-0.45835012,0.45174038,2.5213013,0.40659332,0.28732008,-0.61309767
9,77,-0.45775837,0.45159578,2.5266838,0.4061346,0.28764677,-0.6139776
9,78,-0.45814246,0.45142853,2.5253944,0.40624285,0.28797337,-0.6148548
9,79,-0.45801812,0.4513098,2.5218487,0.40661,0.2882999,-0.61572933
9,80,-0.45794457,0.4511155,2.520895,0.40652084,0.28862634,-0.6166011
9,81,-0.45779282,0.45104396,2.5199146,0.40625477,0.28895268,-0.61747015
9,82,-0.45776588,0.45063806,2.5200653,0.4045725,0.28927895,-0.61833644
9,83,-0.45800573,0.4506346,2.5248241,0.40581942,0.28960517,-0.61919993
9,84,-0.45761955,0.45060956,2.523264,0.40518093,0.28993127,-0.6200607
9,85,-0.45763737,0.45046425,2.519888,0.4045663,0.29025728,-0.6209187
9,86,-0.4575078,0.45019007,2.520275,0.40524578,0.29058322,-0.62177384
9,87,-0.45730603,0.4502827,2.5248432,0.4060564,0.29090908,-0.62262625
9,88,-0.45692945,0.44988275,2.5260143,0.40578985,0.29123482,-0.62347585
9,89,-0.45704758,0.45005512,2.522293,0.4048009,0.2915605,-0.6243226
9,90,-0.45684278,0.44970894,2.523222,0.40523386,0.2918861,-0.62516654
9,91,-0.4569937,0.4495628,2.5214233,0.40536976,0.2922116,-0.6260077
9,92,-0.45688266,0.44936883,2.5219707,0.40389824,0.29253697,-0.62684596
9,93,-0.4565392,0.44925463,2.5261574,0.40430498,0.2928623,-0.6276814
9,94,-0.4565326,0.4488685,2.5231285,0.40517664,0.29318753,-0.62851393
9,95,-0.45661527,0.4487568,2.5227928,0.40376568,0.29351264,-0.6293437
9,96,-0.4563542,0.44847536,2.5217762,0.40492678,0.2938377,-0.6301705
9,97,-0.45628858,0.44860208,2.5231094,0.40470743,0.29416263,-0.63099444
9,98,-0.45622486,0.44817936,2.5207863,0.4048252,0.29448748,-0.6318155
9,99,-0.45600653,0.4479077,2.5218372,0.4045949,0.29481223,-0.6326337
