trajectory_length,unguided_mse_qpos_mean,unguided_mse_qpos_std,unguided_mse_mom_mean,unguided_mse_mom_std,unguided_mse_total_mean,unguided_mse_total_std,unguided_mse_energy_mean,unguided_mse_energy_std,guided_mse_qpos_mean,guided_mse_qpos_std,guided_mse_mom_mean,guided_mse_mom_std,guided_mse_total_mean,guided_mse_total_std,guided_mse_energy_mean,guided_mse_energy_std
50,0.00010239846872915814,0.000507471597402093,0.00038405570245120344,0.0020247658388719207,0.00048645417118036154,0.002431679673457692,0.014044699,0.23535594,7.973735048257935e-05,0.00046395722885626296,0.00015341977050096215,0.0016673388573672165,0.00023315712098354152,0.0021033316946236945,0.00664841,0.007684524
100,6.0434004802178685e-05,0.0002647189543197384,0.00030361281815498173,0.0053157640919466705,0.0003640468229571605,0.0054435115542588695,0.029874112,0.6054148,4.7693682946255936e-05,0.00016762785541880076,0.00015053280135366354,0.002637776972587434,0.00019822648429991942,0.002656219358806483,0.011608495,0.1783112
150,0.00010872497248510205,0.0003868945028188294,0.00036404959382525093,0.003947223964897965,0.00047277456631035297,0.004096408486167239,0.07855409,1.7270833,8.622491759820366e-05,0.000296161528658219,0.00020795948354681995,0.0020198355824058295,0.0002941844011450236,0.002081811306183415,0.025538433,0.49537134
200,0.00014698182636857813,0.0006009940189323817,0.0004972374084407767,0.004410894735116761,0.0006442192348093547,0.0046240589955865935,0.022535989,0.42086524,0.0001321252992154491,0.0005614861218678527,0.0003362600050589291,0.0026493823667620457,0.0004683853042743782,0.0028491871252818925,0.016014725,0.29084894
250,0.00021111001138924418,0.0008789486856593934,0.0006990416599836044,0.0038904745288567727,0.0009101516713728486,0.004460904273473517,0.051662497,0.758274,0.0001926109591818788,0.0006522232607509805,0.00052648510927196,0.002063811720650958,0.0007190960684538389,0.002455539059795075,0.026193159,0.32110545
300,0.00034574929415504365,0.0020503401482127813,0.0011206033430115685,0.007077976783453585,0.001466352637166612,0.008268248912111026,0.03424594,0.5417784,0.000341135334964514,0.002068181057473026,0.0009392071739747697,0.005864966509604791,0.0012803425089392836,0.0073788203299459355,0.055255234,1.2522628
350,0.0004423187979549122,0.0020015507472415793,0.001486105601162098,0.00479785616403899,0.0019284243991170103,0.006370833201691543,0.01757728,0.28702965,0.0003570693838847775,0.0011241230528975291,0.0012422701771034235,0.002937297517882628,0.0015993395609882007,0.0036892074604259516,0.017506463,0.19967714
400,0.0005279173759196587,0.004071676483851355,0.002687106696453914,0.0149570831465924,0.0032150240723735728,0.01795342788222334,0.100665666,2.0312037,0.0005104605158879974,0.0037483833165484134,0.0024261422139681492,0.013965985563965286,0.002936602729856147,0.016885938983528293,0.10809786,2.1870723
450,0.0008168993329792278,0.002905301964807185,0.004557524225955639,0.015748796544900526,0.005374423558934867,0.017605116250587312,0.09590676,1.7688557,0.000808958291435545,0.0032974737636231695,0.004526884412814422,0.022327738441612698,0.005335842704249967,0.024960105030618535,0.11026343,2.3648794
500,0.0007428606872425682,0.0019454853008023284,0.004723551303799805,0.015307389837766536,0.005466411991042372,0.01649475472472373,0.11931513,1.8136495,0.000670680609072277,0.0017228326460020024,0.0041782236847994775,0.012775128237851277,0.004848904293871754,0.013860115407813801,0.051663123,0.520153
550,0.0014663019825276184,0.004569028232634382,0.009575296151658141,0.02307608700548012,0.01104159813418576,0.026147887711665683,0.09570362,1.0700198,0.001292985424467659,0.004200710279581115,0.00859255811977349,0.021122919962524404,0.009885543544241149,0.02427468600769151,0.061264288,0.55811626
600,0.0013457942482819499,0.004642062064057329,0.010629936017627455,0.034403628208956906,0.011975730265909403,0.03847236244002436,0.098950215,1.475768,0.0011455597979614497,0.0034292127139171455,0.009373046147230849,0.03184570195039127,0.010518605945192298,0.034541929506227094,0.09834475,1.6930933
650,0.0017175292387263952,0.008323900753144754,0.015579434799336895,0.04019031729290769,0.017296964038063287,0.04590502544666856,0.10844925,1.2914913,0.001515346484687055,0.006255522182110471,0.013362919769926169,0.03186934637134424,0.014878266254613222,0.03672126291852257,0.08815984,1.3067883
700,0.002908734186788394,0.01087262052241068,0.027001539590445902,0.07488872028306323,0.029910273777234295,0.08205559554787033,0.08640197,1.2227421,0.002629903143332615,0.011337082360029956,0.024144705919293172,0.07140698033708297,0.026774609062625784,0.07938965325473177,0.05079385,0.4141519
750,0.004730447517896641,0.01991871179646279,0.04764651081288333,0.21247421522108112,0.052376958330779974,0.2293226807522938,0.055841886,0.46748817,0.0037587478784796547,0.015664158429064885,0.03859838976675654,0.1501003709711483,0.042357137645236194,0.16344254320259918,0.04566569,0.2749254
800,0.004753423089608538,0.015702762473697524,0.051169497186494,0.11009037448725731,0.055922920276102545,0.1200057020130689,0.06345693,0.3851069,0.004457208762131073,0.014354672534193187,0.04817812389474026,0.10804751954666839,0.052635332656871335,0.11785219278901878,0.052805886,0.32515758
850,0.0077622232330796575,0.04243546241916638,0.0966781226380126,0.3009378493417521,0.10444034587109226,0.32440053879089015,0.12260372,1.111424,0.006159623616382752,0.025500119674065208,0.08215315809954182,0.21179521995427517,0.08831278171592458,0.22610635760997524,0.098466165,0.7770628
900,0.013442056557710882,0.06794326713874642,0.1429124579794984,0.45854826431100154,0.1563545145372093,0.5054054392063334,0.16172127,1.3005586,0.011532430132882,0.05805947601376454,0.1321247947861595,0.47515572126517164,0.14365722491904148,0.5164671795949629,0.12227219,0.7693307
950,0.012132858807292894,0.049938245462565166,0.1843878303509522,0.5822835850715757,0.19652068915824505,0.6022606920819321,0.18756856,1.5306126,0.01146872853722608,0.050166259701084105,0.17327658499109252,0.6352167505105041,0.1847453135283186,0.6550956859096777,0.23789912,2.1441457
1000,0.02230655316058512,0.078496891840665,0.3581766094512126,1.0165903099443396,0.3804831626117977,1.0616596149332167,0.24331962,0.98685086,0.02086526200871789,0.07767023503267187,0.31769442739292275,0.8814396031097297,0.33855968940164066,0.9225240983439691,0.25340518,1.8980815
1050,0.017197786885101835,0.05176168882712346,0.3337233714461365,0.6647571375854279,0.35092115833123844,0.6990472396164037,0.26107433,1.0651639,0.015529486486375473,0.049062864403419185,0.3116056474566001,0.634905262184451,0.3271351339429756,0.6659642895121344,0.23892607,1.0629154
1100,0.028196922169704087,0.0954241648626282,0.5222136628457675,0.9520768382716824,0.5504105850154716,1.0125483223782559,0.29188955,0.87224394,0.026142753265279768,0.09867988569763303,0.4795472912735741,0.8586552729470227,0.5056900445388539,0.9219551058067234,0.2600259,0.65267557
1150,0.03422087037189739,0.07868943287100436,0.8031701539882892,1.4105174971701544,0.8373910243601865,1.460225063212263,0.43689194,1.2369847,0.03165832091690502,0.07508100583495972,0.763758711857259,1.3478405429991624,0.795417032774164,1.3961633823509012,0.40854636,1.1410842
1200,0.04818677530799691,0.08814125552295747,1.225602971772915,1.70090168580539,1.273789747080912,1.7675072125499824,0.66433793,1.4726778,0.045328053905725994,0.08399236769822481,1.1593688997596305,1.6079112635345845,1.2046969536653565,1.6727159551325113,0.6164872,1.3329558
1250,0.07761456893650633,0.14700588494198064,2.002486860783931,2.566248910178675,2.0801014297204374,2.669491799273408,1.165603,2.2815363,0.07249865326500782,0.13845350354266148,1.8851237595560086,2.395625023364622,1.9576224128210167,2.4877265103885944,1.0621448,1.8912708
1300,0.10984075268577564,0.1865623428993421,2.90571789294543,3.61649171820889,3.015558645631206,3.75769591500981,1.693398,2.540453,0.10300988314534097,0.17741383243281159,2.740332915081376,3.37758149446752,2.8433427982267165,3.5114841435372726,1.5774934,2.3424351
1350,0.15658969053876204,0.2424663834448368,4.188151993516575,4.994763880267118,4.344741684055338,5.190074206908161,2.4644604,3.5939784,0.14242899307440876,0.22281740672209735,3.911607000889978,4.611000019052307,4.054035993964387,4.787180108389056,2.372122,3.468867
1400,0.20171348868884928,0.28837725674973386,5.411944984768268,5.844448663072334,5.613658473457118,6.068404136557148,3.2836323,4.633788,0.18877326931243532,0.25440864427129806,5.216514656982965,5.643534146411707,5.405287926295401,5.85391007924466,3.2259226,4.713602
1450,0.2661134952847501,0.50872401625396,6.7402068884361945,6.902113233642766,7.006320383720943,7.205145105795247,381.31952,11934.832,0.24209403636924673,0.33075559939680993,6.482124234037062,6.713226975569476,6.724218270406309,6.978393836672902,3.6203437,5.2848096
1500,0.29553230283451526,0.39234829738724014,7.768221092328398,7.390444658635075,8.063753395162914,7.708626614726189,4.7105694,8.888782,0.2667654080507218,0.3467441939671259,7.305092018220834,7.151397616101269,7.5718574262715554,7.445554015455643,4.402148,7.6903057
