system,policy,length,n_samples,all3_win_rate,ratio_nrmse_q_mean,ratio_nrmse_q_std,imp_nrmse_q_mean,imp_nrmse_q_std,ung_nrmse_q_mean,ung_nrmse_q_std,ratio_nrmse_p_mean,ratio_nrmse_p_std,imp_nrmse_p_mean,imp_nrmse_p_std,ung_nrmse_p_mean,ung_nrmse_p_std,ratio_hamres_mean,ratio_hamres_std,imp_hamres_mean,imp_hamres_std,ung_hamres_mean,ung_hamres_std
2dof,gp,50,100,0.97,0.23640952284140135,0.22080491619437387,0.98,0.14070529413628968,0.2283207107735716,0.1524798945419953,0.20210546513742833,0.16852788942255076,0.99,0.1,2.8328623870637824,2.8522771827294315,0.03971536694219935,0.06577231142629604,1.0,0.0,7.093134554624558,5.439336591577447
2dof,gp,100,100,0.9,0.4709471379787334,0.30120410438546463,0.91,0.28762349126466136,0.07623940174210914,0.07709382380626076,0.37579562779914577,0.2307951154045667,0.98,0.1407052941362897,0.7187405331253881,0.9424614274284248,0.043107837790530255,0.06013718696053001,1.0,0.0,1.878793515563011,1.8920702312128863
2dof,gp,150,100,0.93,0.4918535629585382,0.2542236965264187,0.96,0.19694638556693236,0.05656606089992268,0.06273187049592624,0.4254492068942642,0.24548217449277016,0.97,0.17144660799776532,0.5419890764996785,0.5449999396485318,0.02912043750469839,0.02598397325949254,1.0,0.0,2.085776655077934,1.8569707886007285
2dof,gp,200,100,0.85,0.553050219395524,0.3257639557217989,0.89,0.31446603773522014,0.04807633368548214,0.0663608439794227,0.4810836111934944,0.27743621063298346,0.94,0.23868325657594203,0.4820700170818027,0.49325212185556366,0.027209209305782408,0.022760158774909216,1.0,0.0,2.0623173725605013,1.9719332455797076
2dof,gp,250,100,0.86,0.5502586467457339,0.3186413728347432,0.89,0.3144660377352202,0.04289042373487355,0.04631648207566806,0.4434220092209656,0.26407557362693895,0.97,0.17144660799776526,0.45314728439367113,0.34593499252557486,0.026380878592786105,0.03141571293125029,1.0,0.0,2.6624975210428237,2.2225515484305953
2dof,gp,300,100,0.84,0.5304367590444027,0.2980495628148198,0.94,0.23868325657594203,0.04969104808668847,0.061917743151958665,0.5554359755205017,0.3184962310209872,0.89,0.3144660377352201,0.45947422352319345,0.5106457020249456,0.023968065049036986,0.02086182456697067,1.0,0.0,2.3409214544296266,2.012479386959664
2dof,gp,350,100,0.78,0.5918239774061872,0.31905972528118615,0.87,0.3379976689896312,0.051457827750712656,0.05957421513029976,0.6000106176036339,0.27759244798723703,0.87,0.3379976689896311,0.3811040962793129,0.261111662751323,0.025052681388249537,0.023567048588009235,1.0,0.0,2.7067301309108736,2.373256050991949
2dof,gp,400,100,0.86,0.5394457910848979,0.298054362899346,0.93,0.2564323999762428,0.0638898496276507,0.10915221420784663,0.5968433112770458,0.25671100512972966,0.92,0.2726599243442907,0.4381754465257754,0.5200645325218854,0.03421882920364263,0.03372875494443879,1.0,0.0,2.7964331090450285,2.3977849806484133
2dof,gp,450,100,0.75,0.575642655329817,0.3357456679951545,0.92,0.27265992434429076,0.061366856983733245,0.0728485556814537,0.7150211473469793,0.2762610835625424,0.82,0.3861229196653691,0.38380743425848984,0.24461073387579899,0.03883771912530209,0.0471103061140971,1.0,0.0,3.484367248415947,3.1614573294093833
2dof,gp,500,100,0.62,0.6911988255841188,0.4293732894351881,0.77,0.42295258468165076,0.04100888835305055,0.04127086510761727,0.7844757183516267,0.3248732969600898,0.76,0.42923469599092784,0.3448802365341034,0.21256859207739867,0.046893025808294866,0.054635584146977764,1.0,0.0,3.022701417207718,2.9149739981719605
2dof,gp,550,100,0.63,0.674062181361621,0.4712241495687032,0.82,0.38612291966536916,0.05622555141055398,0.08915076179853315,0.8323827521839486,0.3243994014963352,0.71,0.4560480215720686,0.32896096535293684,0.19675929441201132,0.046936338240222385,0.054117456568303746,1.0,0.0,3.3536458510160445,3.232404256492817
2dof,gp,600,100,0.57,0.7287776108217899,0.5005183232548309,0.78,0.41633319989322654,0.04628652179122463,0.04721677466079593,0.8580749732404495,0.3416580082607695,0.68,0.4688261722621507,0.29054234455164296,0.15637964079373534,0.04439575321543931,0.04453119528472871,1.0,0.0,3.8827668577432632,3.4421920272477236
2dof,gp,650,100,0.59,0.7197355398121681,0.5651340423012343,0.79,0.4093601807403323,0.046755195831109334,0.06626149744710916,0.8894155657591531,0.3236755856007408,0.66,0.47609522856952324,0.3158853008056165,0.1516193293353217,0.04899622324552493,0.04648267942872429,1.0,0.0,3.0184041905403136,2.7400509186208963
2dof,gp,700,100,0.56,0.7099985592299882,0.48150628162702347,0.78,0.4163331998932265,0.05240898607298151,0.09051130600741072,0.9014991483439502,0.31249039206114076,0.65,0.47937248544110217,0.31353215670096374,0.16263181940796842,0.06186803412117392,0.03501899692521027,1.0,0.0,4.5308204674720765,3.4260853522135837
2dof,gp,750,100,0.52,0.7319283829990353,0.5041413985434847,0.8,0.40201512610368484,0.06871836159740746,0.1263227051390457,0.8783260872170295,0.29062385393608425,0.64,0.48241815132442184,0.3231619498376553,0.18983501793611093,0.09566007947755112,0.060582685076416815,1.0,0.0,4.819269210696221,3.6070067862659894
2dof,gp,800,100,0.62,0.7657613487049345,0.45981829277549835,0.8,0.4020151261036848,0.04741976309766455,0.07734831036297375,0.8810845837395902,0.29655276548882625,0.69,0.4648231987117318,0.3260594872281917,0.17675802162960366,0.1096883284490249,0.0730301311791031,1.0,0.0,4.8453809201717375,3.807142188245901
2dof,gp,850,100,0.62,0.7287678745714535,0.3522173364086407,0.82,0.38612291966536905,0.06397270081961111,0.11880279895757842,0.8762703237850213,0.31045329208918715,0.73,0.4461960433384736,0.32693740421498757,0.16330797147790732,0.1139906748705397,0.08567525570530761,1.0,0.0,4.541063251495362,3.7404947229434145
2dof,gp,900,100,0.54,0.8084248605321275,0.5020133258575726,0.72,0.451260859854213,0.05009272363162614,0.09424009697426027,0.8928008905643019,0.24267764802846975,0.67,0.47258156262526074,0.340320285310011,0.1877871075102119,0.13182068062988073,0.08906268206112432,1.0,0.0,5.1542957675457,3.7840518405759505
2dof,gp,950,100,0.49,0.8743782966670345,0.4371227573495223,0.68,0.4688261722621506,0.0493584938977523,0.08911934096250052,0.9034582356593687,0.22429403551503121,0.69,0.4648231987117317,0.32441310389453093,0.1583404676712542,0.18256857585307185,0.10918990045869335,1.0,0.0,5.314091509580612,4.273672467676978
2dof,gp,1000,100,0.54,0.813655636640912,0.381427018410864,0.75,0.4351941398892447,0.04275499059649523,0.04379835199679358,0.8875908169610977,0.21383814863084047,0.66,0.4760952285695232,0.32659891049646006,0.17130153663513037,0.18399590006873226,0.08982700055282462,1.0,0.0,6.235249980688095,4.49359458321532
2dof,sinusoidal,50,100,0.97,0.2694040693816204,0.29598513865067194,0.98,0.14070529413628968,0.21453261863810397,0.1513411148785101,0.22351108494370733,0.18204566012703816,0.99,0.1,2.910477574202433,2.739925080819548,0.03788003460290399,0.05913549038200425,1.0,0.0,7.102093793153763,5.439026947649013
2dof,sinusoidal,100,100,0.89,0.452424032000555,0.25820196607218177,0.92,0.2726599243442907,0.07382613568064635,0.0761389113275886,0.3685991210441454,0.23826143996400168,0.96,0.19694638556693242,0.7782686418237198,0.9311879344565667,0.036436388825619864,0.04256478264609781,1.0,0.0,1.7960218358039857,1.6943106131769992
2dof,sinusoidal,150,100,0.88,0.5363751316208161,0.2847250535345334,0.91,0.28762349126466136,0.047841539851295786,0.0460705724482582,0.4599445142256794,0.25351652071078523,0.96,0.1969463855669324,0.6086734714954127,0.7770861055320648,0.030057824808115856,0.03293828993054119,1.0,0.0,2.093811948299408,1.8948955544964368
2dof,sinusoidal,200,100,0.85,0.54992468184324,0.3209460221928313,0.91,0.28762349126466136,0.052407531993705854,0.07002925245846468,0.5074362987134785,0.2739454929377731,0.93,0.2564323999762428,0.5369009013390681,0.7188532084734629,0.026938292806599554,0.026133647838555516,1.0,0.0,1.962534105181694,2.0288187803719486
2dof,sinusoidal,250,100,0.94,0.5390291380286997,0.2703422332135463,0.95,0.21904291355759034,0.03907132572825094,0.03560590811489359,0.4570117757416537,0.23569300912398528,0.98,0.1407052941362897,0.577520796081809,0.729255117511721,0.02155281321498868,0.02365287191996366,1.0,0.0,2.599903964996338,2.1083811376846824
2dof,sinusoidal,300,100,0.83,0.5568643462467143,0.28158038840407773,0.9,0.30151134457776363,0.048686567670874766,0.08076638513196208,0.5715839798381694,0.3103860477041957,0.92,0.27265992434429076,0.43886409732811127,0.5238093870781004,0.01819025443749142,0.016823395340365924,1.0,0.0,2.2762939274311065,2.0263135120299585
2dof,sinusoidal,350,100,0.77,0.6235784914165162,0.3756511824605388,0.86,0.348735088019777,0.054761112684734485,0.0930498696648272,0.6097518146364238,0.3805210184631262,0.88,0.3265986323710905,0.4573999256058876,0.5426335282459426,0.020285241815587864,0.0227116273495503,1.0,0.0,2.6437998110055925,2.351765377752183
2dof,sinusoidal,400,100,0.77,0.6179184833792306,0.3514926906518229,0.87,0.3379976689896311,0.03670846016870585,0.044973771374396766,0.6101856055930572,0.3160614912720453,0.87,0.3379976689896311,0.3561582546452084,0.2833483980207726,0.024064043188020853,0.028684731643398242,1.0,0.0,2.790754880309105,2.4661232372724244
2dof,sinusoidal,450,100,0.79,0.6184100440921577,0.3062608703250645,0.9,0.30151134457776363,0.058418780434360974,0.08271744198797638,0.5830365706789025,0.29021989867112885,0.88,0.3265986323710904,0.3998441193363439,0.4836438939033746,0.02081407383433515,0.019619755532625485,1.0,0.0,3.4347024083137514,3.035274728932131
2dof,sinusoidal,500,100,0.75,0.6634889637096569,0.3262583420965506,0.84,0.36845294917747057,0.055170382519688005,0.08425231115721148,0.6015068907783369,0.33616487311029536,0.87,0.33799766898963113,0.36385073257171463,0.32315314763704267,0.018840696847929845,0.01762217289031323,1.0,0.0,2.9896852642297747,2.7793747809692055
2dof,sinusoidal,550,100,0.74,0.6700457913075468,0.37661557871621015,0.86,0.34873508801977704,0.04972481755393691,0.1008295690157196,0.6609304097702488,0.3394952577808198,0.85,0.3588702812826367,0.3631618781788077,0.6056161292215639,0.02288056417635499,0.025302047914177134,1.0,0.0,3.555083375573158,3.2635395428354768
2dof,sinusoidal,600,100,0.72,0.712638697044878,0.45080821693890033,0.81,0.3942772444036626,0.04296790349532321,0.06470994622644606,0.6861607172983142,0.3270096307903724,0.85,0.3588702812826367,0.343858142271104,0.35242116581236105,0.024153308277684117,0.020663199502532262,1.0,0.0,3.7871040964126585,3.594546113992286
2dof,sinusoidal,650,100,0.76,0.6372974043001223,0.34804545868213366,0.89,0.31446603773522014,0.044610781506522285,0.06382177560322234,0.6703616983740696,0.3083925765161517,0.86,0.3487350880197771,0.3492857154553696,0.3218798869389812,0.0242039370933082,0.024002551247551945,1.0,0.0,2.9825030261278154,2.7944576093323543
2dof,sinusoidal,700,100,0.77,0.6588248270397498,0.35217196449773575,0.89,0.3144660377352201,0.053492814702910785,0.09473151616917816,0.7508333858936482,0.30662046676810034,0.84,0.36845294917747057,0.352600661214969,0.26905042454082956,0.0395088128070374,0.023960160272765065,1.0,0.0,4.337520374059677,3.418551286135914
2dof,sinusoidal,750,100,0.75,0.7158956084502861,0.4635826192969187,0.88,0.32659863237109044,0.055824164652479996,0.11244937356007204,0.7090761734071235,0.26493778903496196,0.87,0.33799766898963113,0.33242989770525916,0.2839469767352021,0.0642592879845353,0.03347908361207825,1.0,0.0,4.751507592201233,3.6441356816737493
2dof,sinusoidal,800,100,0.72,0.7218972727160683,0.3581411070700352,0.8,0.40201512610368484,0.05479458984697086,0.10335662533128448,0.7565345336747117,0.2813002565679349,0.86,0.34873508801977704,0.32081643309645264,0.23514291615040617,0.0814781772384514,0.04494694000765897,1.0,0.0,4.762180262804032,3.852177880226295
2dof,sinusoidal,850,100,0.71,0.7121330395479716,0.3458704952673902,0.82,0.3861229196653691,0.057571124040850276,0.098565952374697,0.741840199975281,0.2606231283750839,0.85,0.35887028128263665,0.35542476577471904,0.2711809586024349,0.08075976981298119,0.0592916131667924,1.0,0.0,4.483954803943634,3.66992744231427
2dof,sinusoidal,900,100,0.64,0.8060908444318139,0.40763993506289353,0.75,0.43519413988924455,0.0395506472789758,0.04924084427929556,0.7709061643438874,0.27142505823672713,0.83,0.3775251680686369,0.344495999374273,0.29904368186310576,0.10101609465700044,0.05660315650077785,1.0,0.0,5.1127458190917965,3.848827120038142
2dof,sinusoidal,950,100,0.62,0.7721672030974893,0.38928775163393864,0.75,0.4351941398892446,0.040613125779450684,0.04715282539500568,0.7803367900685098,0.25159086816752774,0.8,0.40201512610368484,0.31580596606777595,0.19135128700335083,0.15232406179453467,0.09096207417040238,1.0,0.0,5.1685320973396305,4.286088441735916
2dof,sinusoidal,1000,100,0.68,0.7597405092359224,0.3110216700681683,0.82,0.3861229196653691,0.0502024877166912,0.07017866258295094,0.8058339319204626,0.2091723886547432,0.83,0.37752516806863684,0.30701540002963096,0.21401331429781545,0.17434337357250201,0.08282651652207394,1.0,0.0,5.976259964704513,4.599413583802601
2dof,spline,50,100,0.96,0.27991165591639033,0.24987891768892062,0.98,0.14070529413628968,0.22063440741507828,0.1660488074282859,0.2370804697953653,0.24810178481577871,0.97,0.1714466079977653,2.842026840729421,2.091310261569086,0.04335525055835067,0.06331694481549116,1.0,0.0,6.9917580169439315,5.494112700564472
2dof,spline,100,100,0.84,0.5315554691714021,0.31864678817465314,0.92,0.2726599243442907,0.07230322607658961,0.06321215174800689,0.49220430853669705,0.32063716400048325,0.92,0.2726599243442907,0.7434237510539273,0.622224109256424,0.0483397059862469,0.05378532241619681,1.0,0.0,1.8436748266220093,1.8299941846533554
2dof,spline,150,100,0.76,0.5750311223147219,0.33289969971374606,0.88,0.3265986323710904,0.05761394042524777,0.06440255907439217,0.6252747981717349,0.39446988171328023,0.83,0.37752516806863684,0.5190480530619023,0.44987523605231977,0.04205901817919045,0.042311342566686144,1.0,0.0,2.1373732858896255,1.9167260135348274
2dof,spline,200,100,0.71,0.666528718757406,0.4092459300026605,0.83,0.37752516806863695,0.05124866205676967,0.07323613940098905,0.6558585202007748,0.34982781435892346,0.82,0.3861229196653691,0.4437118188878573,0.31964785048709493,0.053122638142393847,0.06777543704955669,1.0,0.0,1.9958537441492081,1.961253539990212
2dof,spline,250,100,0.74,0.6327410105556467,0.3639164440223918,0.84,0.3684529491774706,0.045131499601219253,0.07147925059673668,0.6345843434224402,0.29243216222867674,0.88,0.3265986323710904,0.5099774023383967,0.8909319148692468,0.04167960277906832,0.04562189322816803,1.0,0.0,2.637426029443741,2.2274037298289673
2dof,spline,300,100,0.64,0.6808537965642162,0.4363642602450969,0.81,0.3942772444036625,0.04628984898021748,0.05353014358355391,0.7422644771839356,0.34862417329568335,0.76,0.42923469599092784,0.37134065398594224,0.22915609923483582,0.045200165785792015,0.044720603036501244,1.0,0.0,2.3883837807178496,2.054928176545817
2dof,spline,350,100,0.66,0.6761594013962818,0.4161731010516065,0.82,0.38612291966536916,0.04494129620220698,0.05244601137791834,0.7292372001965977,0.29851138342200206,0.8,0.4020151261036849,0.3756830321008149,0.21168278573563665,0.04870062026338967,0.053482529611887306,1.0,0.0,2.8099119383096696,2.438380575108695
2dof,spline,400,100,0.63,0.7068605475944671,0.536344108296828,0.83,0.3775251680686368,0.049573161617392086,0.08896967266787298,0.8398386817196811,0.2679278880726843,0.71,0.4560480215720687,0.3467596930562881,0.1947731618723348,0.06821783382242383,0.07159887904457486,1.0,0.0,2.8156001269817352,2.4099956454397113
2dof,spline,450,100,0.68,0.6536946197562773,0.3438340622089815,0.88,0.3265986323710904,0.07649438630190465,0.10964201117607689,0.8613311497886191,0.2952243828014972,0.72,0.45126085985421277,0.3442467226304889,0.17077989670065802,0.06420626218282158,0.07060482468703855,1.0,0.0,3.64786714553833,3.0614186616495
2dof,spline,500,100,0.54,0.7444686238672368,0.41787256917912535,0.75,0.4351941398892446,0.07378654555742106,0.1382918772765954,0.8971649040774029,0.3055948186928998,0.65,0.4793724854411023,0.3837635829454392,0.2052451169790833,0.07910833139592344,0.0775170646353203,1.0,0.0,3.2487187618017197,3.015766428817742
2dof,spline,550,100,0.53,0.8218147439018781,0.48402330364903445,0.74,0.44084400227680803,0.05123886383510454,0.08278233486284928,0.9240609508628793,0.2841543718828375,0.66,0.47609522856952335,0.34314090512524714,0.184273498858399,0.07844751409513052,0.0752001439891284,1.0,0.0,3.4751457494497298,3.213119105576609
2dof,spline,600,100,0.55,0.8686303505104445,0.6237912355201677,0.72,0.451260859854213,0.060367102968506565,0.12243890923023698,0.9204455356951169,0.3049332096633151,0.68,0.4688261722621506,0.3485298657758028,0.18599963450619417,0.08395498452052683,0.08427294735658646,1.0,0.0,3.8331249457597734,3.479395946260696
2dof,spline,650,100,0.47,0.8407459337022152,0.5325822160151298,0.76,0.4292346959909279,0.038945618692756985,0.054552076464064306,0.9296464033809047,0.2536621257883072,0.57,0.497569851956243,0.3407744622510731,0.15863735942119989,0.100808184090456,0.08285659294644718,1.0,0.0,2.8996005702018737,2.784907558605002
2dof,spline,700,100,0.45,0.8949024685827076,0.47548363360562923,0.62,0.4878317312145633,0.050650927639849276,0.0819242426028631,0.947935740341087,0.25314100925946015,0.63,0.4852365870939097,0.351354940352489,0.16918456078730318,0.10324336697494867,0.07725072412471475,1.0,0.0,4.3829937064647675,3.463821558597385
2dof,spline,750,100,0.52,0.8256004013692039,0.4489814468756787,0.75,0.4351941398892446,0.06210316546677502,0.11282164527308539,0.9272180753678539,0.2581088497380312,0.66,0.47609522856952313,0.3398357913169007,0.15718020080823958,0.12203318929804499,0.07919897523956601,1.0,0.0,4.7280526852607725,3.635069935069243
2dof,spline,800,100,0.48,0.9039905998852924,0.5697833775100397,0.7,0.46056618647183833,0.06802893636637712,0.15763572311746873,0.9204058661248414,0.22650388088242282,0.57,0.497569851956243,0.3348438403995198,0.14219035190648496,0.1477707582112886,0.10854389660881555,1.0,0.0,4.7173442769050595,3.6911118430463263
2dof,spline,850,100,0.49,0.8638454405744553,0.4157455279079128,0.72,0.45126085985421305,0.041383666284703705,0.046176142331619145,0.9461203849524807,0.18373714031916175,0.63,0.4852365870939097,0.33456419057640896,0.14895632539025147,0.1456070558693763,0.10670356844915464,1.0,0.0,4.467460392713547,3.5271334844119973
2dof,spline,900,100,0.45,0.8230382157777416,0.37040737041106003,0.74,0.440844002276808,0.04751315178228836,0.06298602749660803,0.9506423676640954,0.20913314761153112,0.59,0.4943110704237103,0.342303143106093,0.13419494261167783,0.15393460243976598,0.1065223167842947,1.0,0.0,5.016127431988716,3.651067878642635
2dof,spline,950,100,0.57,0.8581971233769212,0.3843830170895968,0.73,0.4461960433384737,0.049391785868379515,0.07392834758316834,0.9386650944412289,0.18204004217836342,0.7,0.4605661864718382,0.33558640808251916,0.15429384733368465,0.20605826259662463,0.12345718053197222,1.0,0.0,5.136196365952491,4.111168629467927
2dof,spline,1000,100,0.49,0.8827272667882997,0.36522758857065607,0.67,0.47258156262526085,0.06719152663591288,0.12971948770097852,0.9446572763938604,0.16379130087836963,0.63,0.4852365870939097,0.34264269821945986,0.14998487625805848,0.2266583402473906,0.13118658159352206,1.0,0.0,6.027820578217506,4.498316638449607
2dof,zero,50,100,0.98,0.2504278617500158,0.2229105591356775,0.99,0.1,0.21425602617829778,0.1595694723775792,0.1975180319802999,0.17868408774645794,0.99,0.1,5.76742738482996,3.0162346582603834,0.03805912253597144,0.07303422343022564,1.0,0.0,7.044799082279205,5.4257026474863
2dof,zero,100,100,0.89,0.5074433116388042,0.27514758345944956,0.91,0.28762349126466136,0.06552327425015181,0.05908623105285072,0.31397366574226115,0.24057702317316765,0.97,0.1714466079977653,2.2833669582213143,1.0670812705709736,0.03789870711957397,0.06560834762587149,1.0,0.0,1.7417889910936355,1.705873159085057
2dof,zero,150,100,0.94,0.5171239117280968,0.2534921261652598,0.95,0.21904291355759034,0.051582042755649635,0.0583295832136923,0.3847539827472168,0.21312631231849985,0.99,0.09999999999999999,2.2988110769803725,1.3301626227904049,0.02468080525092556,0.02473304126968438,1.0,0.0,2.0677228450775145,1.860786270997252
2dof,zero,200,100,0.85,0.5771195346660474,0.3111530178103356,0.9,0.30151134457776363,0.04946263792009317,0.07054163485563532,0.4661292810203975,0.26781370803125165,0.94,0.23868325657594203,2.3674463656991427,1.6105025485743816,0.022509791095517234,0.01958543996190368,1.0,0.0,1.9330254632234574,1.9378441026309339
2dof,zero,250,100,0.89,0.5584928982941134,0.2846561625967399,0.94,0.238683256575942,0.036775073760572305,0.03386521697356325,0.4680876146042368,0.30219582109204673,0.93,0.25643239997624273,2.9758383467551086,1.8372135007092762,0.019431565731173713,0.02177730047496339,1.0,0.0,2.5757595938444138,2.133664082116479
2dof,zero,300,100,0.82,0.6212096364361123,0.3022193560868517,0.89,0.31446603773522014,0.04520237113772705,0.08190905635313318,0.5613805238628572,0.3339354681326551,0.92,0.27265992434429076,2.9569616960944813,1.8175511698993392,0.014411990550330447,0.012246673930181777,1.0,0.0,2.2461686116456985,2.011528861127697
2dof,zero,350,100,0.86,0.5963009277360536,0.2604761162336512,0.93,0.2564323999762428,0.03680202565231839,0.04131627851434609,0.5223567607057595,0.2871866873903848,0.92,0.2726599243442907,3.1066169918537008,1.7808410430412744,0.015521269070362761,0.01810312434067181,1.0,0.0,2.6279646903276443,2.3473756339516823
2dof,zero,400,100,0.79,0.6190648723020613,0.2573990025769534,0.9,0.30151134457776363,0.03872774851646328,0.0611896739154854,0.5966052640928852,0.3045622767986481,0.89,0.3144660377352201,3.3535432206026714,1.7814846449091775,0.021619981671224253,0.02779826767935981,1.0,0.0,2.7634415966272354,2.426008102828356
2dof,zero,450,100,0.81,0.6363328348478732,0.26032032961838525,0.89,0.31446603773522014,0.059240065139121036,0.0873226259795904,0.5849724441193909,0.29190761510511126,0.92,0.2726599243442907,4.132937297894213,2.24893789864873,0.01888043691267423,0.019529001277569003,1.0,0.0,3.4275593894720076,3.0062575111241037
2dof,zero,500,100,0.75,0.7065191389983689,0.2616082950942405,0.89,0.3144660377352202,0.04704940305780223,0.09795943402302812,0.6345639281953943,0.3242792145717423,0.84,0.3684529491774707,4.071634148486222,2.1621023299205966,0.01860767959907444,0.01848032378588835,1.0,0.0,2.9424272459745406,2.841052548001704
2dof,zero,550,100,0.79,0.7120974322756188,0.32956445256499617,0.85,0.35887028128263665,0.04676585759593733,0.10158501765690704,0.6309062965399778,0.29503372116052257,0.89,0.31446603773522014,4.154346648713701,2.135883946907216,0.021388106870114422,0.026351352053961073,1.0,0.0,3.4181182384490967,3.2071381397075363
2dof,zero,600,100,0.74,0.7079089734324837,0.31987871965873355,0.84,0.3684529491774708,0.04398496068193735,0.06491052892135368,0.6552429720970204,0.27244732956210904,0.88,0.3265986323710903,4.459908996064147,2.288682121759269,0.019290002239038703,0.017258948665657206,1.0,0.0,3.7373298341035843,3.3965603788492023
2dof,zero,650,100,0.81,0.6771277908580895,0.23210005169473238,0.96,0.19694638556693236,0.041058735679979905,0.06929145823690346,0.708579596090256,0.28239062250567576,0.85,0.35887028128263665,4.606144520986066,2.2881138749470047,0.02029418683362193,0.019143702097756832,1.0,0.0,2.8960596174001694,2.786215454452279
2dof,zero,700,100,0.76,0.7195640502004119,0.27593840504826095,0.87,0.33799766898963113,0.04723355395934585,0.08982323350265313,0.7122571364214676,0.2792434524666853,0.86,0.34873508801977704,5.237337475527965,3.071560930960627,0.03077522125625626,0.01695397169034867,1.0,0.0,4.348151193261146,3.3735037325304242
2dof,zero,750,100,0.66,0.7378506200143261,0.3112524587280631,0.76,0.42923469599092784,0.060770642646637854,0.13353076074266154,0.6792680734346989,0.28974856906619567,0.86,0.34873508801977693,5.42087650460119,2.8521333856761406,0.052273875627441214,0.031608266617583196,1.0,0.0,4.656409265398979,3.597567140574113
2dof,zero,800,100,0.75,0.7377079786105064,0.30479091863886487,0.84,0.3684529491774707,0.04900328647873175,0.07375192488087429,0.7135773239937593,0.2848446854067011,0.88,0.3265986323710904,5.745925940977327,3.268791121066521,0.05910209161772664,0.036796616943042634,1.0,0.0,4.683676362037659,3.724747359521954
2dof,zero,850,100,0.77,0.7543742299566136,0.28585299588188134,0.85,0.35887028128263676,0.05496490569769115,0.09685098750230615,0.718598030798908,0.2685960531678302,0.87,0.33799766898963113,5.834466375555811,3.218123962505451,0.06468641213660996,0.057830230020416325,1.0,0.0,4.392609784007073,3.6275325878922144
2dof,zero,900,100,0.66,0.7712408375062231,0.32414674171883207,0.79,0.40936018074033237,0.05819466862461822,0.13062656676730028,0.7012254161915875,0.2802294262741768,0.83,0.3775251680686369,6.319541798611735,3.429868623323839,0.07413339068410746,0.043622864268427944,1.0,0.0,5.002263986468315,3.6620199369619892
2dof,zero,950,100,0.71,0.7830596300598545,0.2976753624655078,0.76,0.42923469599092784,0.04663218650771373,0.08635024607029933,0.7246496019181987,0.24440065757694154,0.89,0.31446603773522014,6.648671496821062,3.5407500098672444,0.13425689932755971,0.09848311369652024,1.0,0.0,5.090089028477669,4.211847929296889
2dof,zero,1000,100,0.72,0.781759762540199,0.30755467166330624,0.8,0.40201512610368473,0.057350997491221925,0.12146336827464575,0.7256033720332088,0.27904080869962145,0.87,0.337997668989631,6.678543825137113,3.3622411342218705,0.17131858516571868,0.08604493225646771,1.0,0.0,6.006745082139969,4.575458003145582
3dof,gp,50,100,0.71,0.7552110142534154,0.5054322886690251,0.73,0.4461960433384736,0.9234863467319137,0.6868832350415726,0.4493918800664173,0.2002268886354096,0.98,0.1407052941362897,0.5795936643497754,1.3810533556631102,0.2124876700250007,0.25219470657820425,1.0,0.0,0.4175853175483644,0.4296708679810611
3dof,gp,100,100,0.71,0.7948148515535232,0.7064111440459382,0.72,0.451260859854213,0.7258509464158106,0.6027591094157323,0.37549793340489723,0.27564970437942976,0.95,0.21904291355759034,0.1531378289568703,0.34146490053232065,0.20574811906594323,0.2220426198819478,1.0,0.0,0.04229608281748365,0.04834400574450575
3dof,gp,150,100,0.75,0.7882192968716908,0.7325376660144876,0.76,0.42923469599092784,0.587925052863033,0.5266502793154684,0.4052040093432269,0.21778990558453162,0.97,0.1714466079977653,0.1066766181304189,0.2726118950754583,0.20760635498522756,0.2234866990260027,1.0,0.0,0.06122060459572817,0.07546691363986491
3dof,gp,200,100,0.7,1.240182044141318,2.0963224951374375,0.71,0.4560480215720687,0.5918808192649846,0.6392787393672381,0.45670090005624714,0.28505984620184405,0.96,0.19694638556693236,0.0683691405406963,0.07673937794220964,0.2174353625147198,0.23797965473665253,1.0,0.0,0.05307537538930769,0.10179263035699793
3dof,gp,250,100,0.59,1.6377629362655473,2.9837415722071867,0.6,0.49236596391733084,0.39097953926186435,0.415030318043158,0.5843127273430315,0.3643156121504022,0.9,0.30151134457776363,0.08983262389880155,0.18848258864577563,0.21351629760912644,0.2358978530897086,1.0,0.0,0.08602293145377184,0.1557876936852818
3dof,gp,300,100,0.64,1.0814134103993658,1.544005468042461,0.67,0.47258156262526074,0.5365104412592255,0.5458601966482657,0.5246791445183312,0.36401561098552054,0.88,0.3265986323710904,0.06941878854540685,0.08264140371564012,0.16583610502085008,0.18307359659753647,1.0,0.0,0.050708563944790466,0.07200892160735255
3dof,gp,350,100,0.66,0.8927256303423446,0.8298529481305813,0.7,0.4605661864718383,0.45393492979448796,0.42275357544035996,0.640669356072459,0.5644589970028149,0.85,0.35887028128263665,0.09059975934541444,0.16175242330210476,0.2594983434328563,0.2886849090760187,1.0,0.0,0.05056575332768257,0.056288944723333366
3dof,gp,400,100,0.69,1.178874475623561,2.3338707315926515,0.73,0.44619604333847357,0.3958662316224103,0.37474613798675926,0.7859870715003452,0.8700162226314927,0.78,0.41633319989322654,0.17253699035358125,1.0494767176928437,0.16718778023312397,0.18739400609205772,1.0,0.0,0.044443365884944755,0.052320621790114465
3dof,gp,450,100,0.69,0.9292403970047469,1.0292733544308532,0.75,0.4351941398892447,0.43317022624649243,0.42050638235017085,0.664550687623317,0.40842414748537,0.85,0.35887028128263665,0.08892711490143376,0.1034683364726417,0.17433289632056592,0.21839347484690105,1.0,0.0,0.09143169835675505,0.10401799630921234
3dof,gp,500,100,0.66,1.0433237242653033,1.3722840203014335,0.69,0.4648231987117316,0.35535064347948375,0.35115866488868025,0.7554015204115041,0.5101719448402664,0.8,0.40201512610368484,0.0860801137074667,0.1267571931090884,0.17709440441384366,0.17040025671243897,1.0,0.0,0.05154172106878827,0.07074027175824876
3dof,gp,550,100,0.59,1.1668886397620026,1.6208232128663487,0.6,0.4923659639173309,0.36954663524649606,0.4224632456337905,0.7852256121960579,0.5663264295442929,0.8,0.40201512610368484,0.07977924330757481,0.07493478469058545,0.22796267277768603,0.25002398828655337,1.0,0.0,0.0575516579765826,0.0642931817460769
3dof,gp,600,100,0.61,0.9510828116313952,0.7591439885054992,0.67,0.47258156262526096,0.3703637935663419,0.37988235022391303,0.8283770587572761,0.6392826666948468,0.73,0.44619604333847374,0.11658614657633141,0.20936409609635878,0.2668731923296816,0.26963264857557995,0.99,0.09999999999999999,0.06169661071151491,0.07932604753496056
3dof,gp,650,100,0.64,0.9140475877724721,0.799927904877599,0.71,0.45604802157206853,0.36354021013208976,0.39943715198021196,0.7546061937028289,0.4094038368834365,0.78,0.4163331998932266,0.0830921216273656,0.09246867533137496,0.28355916428709255,0.2639892107838211,0.99,0.09999999999999999,0.06294740163022648,0.08875710176259304
3dof,gp,700,100,0.6,1.0909082931676908,1.101473668647089,0.66,0.4760952285695234,0.32745744386507725,0.31178335370643473,0.9309716817456419,0.8753950886220924,0.7,0.46056618647183845,0.10658159137477236,0.1189484468316163,0.3329506578233242,0.26511951588753524,0.99,0.1,0.061100760109256906,0.08729037073690206
3dof,gp,750,100,0.67,0.8703163602456481,0.6235828110104152,0.71,0.4560480215720686,0.2939058173919639,0.2490197232220777,0.8311878987686595,0.514262992034923,0.73,0.44619604333847374,0.09922181798256904,0.1155995015726115,0.30056929254144366,0.25465527719290226,0.99,0.1,0.07304685316048558,0.07278003716987362
3dof,gp,800,100,0.6,0.8536804699967487,0.5025670375583845,0.65,0.4793724854411023,0.3366692407154408,0.31461222444345016,0.8454675008374152,0.4747258066563863,0.69,0.4648231987117317,0.11868958641387793,0.21081151355662803,0.2649596198178104,0.22503288074375255,1.0,0.0,0.07178034234093497,0.07776282486304671
3dof,gp,850,100,0.69,0.942368847389193,1.2344776614548916,0.75,0.4351941398892446,0.31473049335979736,0.3515239693607455,0.8318683806774725,0.5465060531378945,0.77,0.42295258468165065,0.13113775007349726,0.17732878161169552,0.3175449625687528,0.23643969538557463,1.0,0.0,0.06716464421246196,0.07243861380378085
3dof,gp,900,100,0.6,0.9063392805122571,0.5888914760756613,0.69,0.4648231987117316,0.28733088657736755,0.28131756049506607,0.9345655017651024,0.7344912363439831,0.68,0.4688261722621506,0.1283955069920105,0.14001826935882306,0.3030569298129465,0.2325321999651539,0.99,0.09999999999999999,0.0820042975619435,0.08084086775703038
3dof,gp,950,100,0.54,1.0847440266734407,0.693528214219616,0.62,0.48783173121456336,0.3148296411160926,0.2646692442053842,1.079594742179114,0.5802784385842709,0.58,0.49604496374885815,0.14059919581714175,0.21406718706755473,0.3675491467228476,0.24628967900314483,1.0,0.0,0.10751657137647268,0.10875251728263344
3dof,gp,1000,100,0.54,0.9577455406210781,0.5009765762995014,0.65,0.4793724854411023,0.3055614492700625,0.24944794608107618,1.0067459234027138,0.5989395711190515,0.61,0.4902071300001973,0.11845873047613235,0.10716294785359251,0.38044552866361875,0.2793010108722508,0.99,0.1,0.12099211859051134,0.13288255150400038
3dof,sinusoidal,50,100,0.85,0.7030545538378705,0.5380833541034573,0.86,0.3487350880197771,1.042000869625096,0.8802305349205933,0.43973877516667015,0.17019635252701107,0.99,0.09999999999999999,0.519645738259103,1.1437362145362096,0.1957109054341148,0.22045360105502337,1.0,0.0,0.41914478106424213,0.5223785318061632
3dof,sinusoidal,100,100,0.73,0.8836782887558141,0.891305583739599,0.74,0.44084400227680814,0.6601695460063156,0.5229442814404779,0.34745740290540456,0.21072619047362307,0.98,0.14070529413628968,0.1307495009710496,0.18260144381611218,0.191648600753239,0.20988173223158543,1.0,0.0,0.04683368740137662,0.056935324675959444
3dof,sinusoidal,150,100,0.75,0.7621241627959868,0.7367162816511386,0.76,0.4292346959909279,0.6737925350569235,0.741626496595809,0.3734544903881404,0.22499579999585542,0.98,0.1407052941362897,0.10615328603613128,0.16481143439043935,0.14931198429338388,0.20896502677846612,1.0,0.0,0.060392292354954365,0.07565480529938799
3dof,sinusoidal,200,100,0.74,0.7990755452684064,1.1514071969998398,0.77,0.4229525846816507,0.5779550580723796,0.43816775756318116,0.45238058876868836,0.33980163681621534,0.95,0.2190429135575904,0.07620924362011479,0.10730275906962738,0.18395305720427768,0.21518278526758458,1.0,0.0,0.047432001600973266,0.08827062488138424
3dof,sinusoidal,250,100,0.66,1.0722615778459246,1.4275122690632829,0.68,0.4688261722621509,0.4789867171508218,0.45275767354074115,0.574986933584783,0.2845760886546328,0.94,0.2386832565759421,0.06935549148123003,0.11469594045619798,0.17881226055832755,0.2308402039373488,1.0,0.0,0.08836134423734616,0.11148982416328317
3dof,sinusoidal,300,100,0.71,0.927815021620567,1.5658575684365295,0.76,0.4292346959909279,0.4841758728516334,0.4406053770090569,0.5793659187076529,0.6414954167774081,0.91,0.28762349126466136,0.0714454161516664,0.11249832964776739,0.17922656416901883,0.22532479419301743,1.0,0.0,0.04973881772020828,0.06987463265059958
3dof,sinusoidal,350,100,0.58,1.329906531769124,2.0260297940870458,0.64,0.48241815132442184,0.4081520785468019,0.5242805716033938,0.6681085250601062,0.653614770219659,0.85,0.35887028128263665,0.06538619970566054,0.07390523764747856,0.25237361665232705,0.2798747542666333,0.98,0.14070529413628968,0.0492477930686436,0.058553923117824314
3dof,sinusoidal,400,100,0.75,0.7846768767897185,1.0637642051058263,0.81,0.39427724440366246,0.4608735882833714,0.440445565350112,0.6168324174726272,0.5215821229829296,0.86,0.34873508801977693,0.08307564954577698,0.11499200958392368,0.18128420220937216,0.20722205423727405,1.0,0.0,0.05419223504373799,0.06997805519148283
3dof,sinusoidal,450,100,0.7,1.76672799005605,8.823992700720643,0.73,0.44619604333847385,0.40561958338678644,0.40099953678261735,0.7305035075528662,0.6532331777089665,0.82,0.3861229196653691,0.09103730826717653,0.14148117130564714,0.19654806370458172,0.24191629436019824,1.0,0.0,0.07482689404510888,0.0813927146829794
3dof,sinusoidal,500,100,0.73,0.8794505693593573,1.0814819402924805,0.77,0.4229525846816507,0.3556754742411684,0.4456126062083238,0.618021935653889,0.33623302887535456,0.89,0.31446603773522014,0.08304562084144078,0.1317436612201859,0.1978341275625269,0.2308049666228062,1.0,0.0,0.06205662400228898,0.12911104417701394
3dof,sinusoidal,550,100,0.72,0.8967176837243294,1.0319409607768883,0.74,0.44084400227680814,0.34129388855709825,0.3777555637646885,0.6755574159275701,0.4885977192436986,0.8,0.4020151261036849,0.0868140573634179,0.0928076284393428,0.21414462208264046,0.24294380305575994,1.0,0.0,0.058271601579617666,0.06941977822613367
3dof,sinusoidal,600,100,0.76,0.9205926568674996,1.215648493460503,0.78,0.41633319989322665,0.3147744445536975,0.30004049101019004,0.710085301636902,0.5371021545647858,0.83,0.3775251680686369,0.10028107028123392,0.1253897560263772,0.2300487410564292,0.2373496488034085,1.0,0.0,0.06089947445550929,0.0715732946856381
3dof,sinusoidal,650,100,0.74,0.8435513008902811,1.0165673971946947,0.79,0.40936018074033237,0.33341449952088986,0.41400083305041374,0.7199102465166187,0.5207023111229968,0.79,0.4093601807403323,0.075239660454107,0.08957334187919727,0.23115483903427425,0.2410333034549024,0.98,0.1407052941362897,0.05813576466403897,0.07502621164467013
3dof,sinusoidal,700,100,0.65,0.9292887905581497,0.8592976017810198,0.66,0.47609522856952335,0.30493475416857024,0.2387736240683046,0.7248495271615079,0.47720341045016534,0.84,0.3684529491774707,0.1047435279493541,0.10028329104765767,0.2865147677352956,0.2562757790796382,1.0,0.0,0.05352974150096994,0.07112061272357269
3dof,sinusoidal,750,100,0.65,0.8623000064928248,0.5961786745152987,0.69,0.4648231987117318,0.27724911961689036,0.29128016436100956,0.8748739707744099,0.708877669808183,0.74,0.4408440022768081,0.11413043352474467,0.21348001534830105,0.23018772192317377,0.2076596083805132,1.0,0.0,0.07020721283974121,0.0730286916615458
3dof,sinusoidal,800,100,0.68,0.8888349074660996,0.6295633654073534,0.71,0.4560480215720687,0.30593191849608437,0.3062367301932862,0.8469775162526499,0.8247907347810147,0.76,0.4292346959909279,0.17373321121702948,0.653805512181195,0.2619030531012669,0.24447673897347447,0.98,0.1407052941362897,0.07290735196787859,0.08390498638648589
3dof,sinusoidal,850,100,0.63,0.9995399058769039,1.2109713095768284,0.75,0.43519413988924455,0.3243545148007627,0.35711077370512057,0.9373721255176567,0.6967618809344344,0.71,0.4560480215720687,0.11945785114815088,0.17385015721126437,0.2801858542364004,0.26312807865797133,0.99,0.09999999999999999,0.09158284133067351,0.10089103395564213
3dof,sinusoidal,900,100,0.69,0.9385673759130586,0.7320460477036074,0.71,0.4560480215720686,0.26730571842213996,0.261127947256636,0.9086121916733836,0.5910786203051719,0.76,0.42923469599092784,0.094793158534425,0.11360989297837137,0.3042304783921248,0.24691574363049643,1.0,0.0,0.08283605261705812,0.09360635518069832
3dof,sinusoidal,950,100,0.64,0.9554827470344592,0.580634762342683,0.71,0.4560480215720687,0.2816981353138477,0.27694030697723226,0.9069453523692903,0.5331623096186422,0.74,0.44084400227680803,0.11849819297923353,0.12782076000949089,0.32579627822506246,0.2559555668823363,0.99,0.09999999999999999,0.09414821589365598,0.10133646301495922
3dof,sinusoidal,1000,100,0.62,0.8582469576243258,0.4268651900812024,0.7,0.46056618647183817,0.3255777184743871,0.22859370213566343,0.8491908373471502,0.36841265516991595,0.75,0.4351941398892447,0.1512000876123343,0.14721842924291567,0.32809015421352966,0.27288463748891933,0.97,0.1714466079977653,0.12107427635230121,0.13576391726528855
3dof,spline,50,100,0.79,0.7863388297219747,0.6256853624345521,0.8,0.4020151261036848,0.9654821074616574,0.7752739706399769,0.47180325900178544,0.25977531594123265,0.99,0.1,0.5020962960379824,0.8636306891930497,0.24776235559521634,0.26533212759393804,0.99,0.1,0.3997761934809387,0.43257572110771303
3dof,spline,100,100,0.74,0.8761957717759055,0.9918729757288761,0.76,0.42923469599092784,0.6846881674335512,0.6202912614228098,0.37673096236682574,0.2802535458291037,0.95,0.21904291355759034,0.137026227129126,0.34861130692509246,0.21774663473330133,0.21749502881531121,1.0,0.0,0.03566408507060255,0.0384919312549879
3dof,spline,150,100,0.65,1.009383936257969,1.4268909922097532,0.7,0.4605661864718383,0.6440975199115551,0.49626952484340536,0.446125632007796,0.33924622035087604,0.94,0.23868325657594208,0.09662550445922768,0.1807618014955741,0.24902084751825282,0.2738303188595716,0.98,0.14070529413628968,0.05366016600513826,0.058338835570291216
3dof,spline,200,100,0.72,0.9285431247134437,0.9485071137496,0.72,0.45126085985421305,0.5475538717372855,0.5259298755718885,0.44550603914796916,0.31245190084452124,0.95,0.2190429135575904,0.1185926319836032,0.28830224465938786,0.22382960858254833,0.22063812158613658,1.0,0.0,0.049094938570633476,0.06372240976590235
3dof,spline,250,100,0.57,1.3234224221210307,1.867087281419871,0.6,0.49236596391733106,0.41339639970824044,0.35883462126604937,0.6755747212506826,0.3699110791561608,0.87,0.3379976689896311,0.0907225579197335,0.4269155201851481,0.20914628253290718,0.22623481839781692,1.0,0.0,0.08719015665352339,0.13866959100615286
3dof,spline,300,100,0.69,0.8436712728665983,0.7436614271771707,0.75,0.4351941398892447,0.5766570731307307,0.6755962491036894,0.6254919088119617,0.4557029602465494,0.87,0.337997668989631,0.07000410443610522,0.09148022139091944,0.21171818443354248,0.2321577806551099,1.0,0.0,0.053538852322380946,0.06405070355779875
3dof,spline,350,100,0.71,0.8628701842140858,0.8608538430420698,0.72,0.451260859854213,0.4040646801570722,0.29416808540725636,0.6379779511608601,0.47494148117482016,0.87,0.33799766898963113,0.06960834380748988,0.10101722670044329,0.270033676325133,0.26824163347764635,1.0,0.0,0.050032466764096124,0.05071390017152961
3dof,spline,400,100,0.75,0.8177601871751338,0.9528667829860504,0.78,0.4163331998932266,0.3773870571386585,0.3122088225239433,0.6004497584272986,0.4243320273308366,0.87,0.3379976689896311,0.06646231139156523,0.09003292661787807,0.22338687949208022,0.2151079099042545,1.0,0.0,0.04273296916857357,0.05072950485564446
3dof,spline,450,100,0.66,1.0413201958572555,1.2279044445929677,0.67,0.47258156262526085,0.41195271747645174,0.30652510280054013,0.7438683521503117,0.5373888659053229,0.81,0.3942772444036625,0.07618226569804426,0.08346222271890262,0.1935357249964772,0.225384481498383,1.0,0.0,0.08426834321580824,0.08928779917929175
3dof,spline,500,100,0.66,0.8797752065245383,0.8001998207128765,0.73,0.44619604333847374,0.408881619072394,0.46946549123272246,0.7779425995179929,0.5656013751871498,0.77,0.42295258468165065,0.11339379155903805,0.20992222097186086,0.22632069378588185,0.19329755301065843,1.0,0.0,0.05394647354492913,0.060532771280973924
3dof,spline,550,100,0.6,1.1273626941109511,1.272799557281113,0.66,0.47609522856952324,0.3292606229029287,0.332457014505949,0.9640926312500524,0.8627340457386684,0.72,0.45126085985421294,0.0908647836084417,0.09681404118343252,0.2602238117300133,0.22208591688873042,1.0,0.0,0.05915319656021888,0.0602008544552802
3dof,spline,600,100,0.69,1.0300436195548754,1.0714447331451786,0.74,0.4408440022768081,0.3613607661383768,0.3268777222222484,0.8534975262619404,0.6775144554124295,0.79,0.40936018074033237,0.10407830479317863,0.15256529850221057,0.3048735894915798,0.2502364007857497,1.0,0.0,0.06088791260728607,0.0909571228702789
3dof,spline,650,100,0.64,0.9329350826966091,0.7245297550612775,0.67,0.47258156262526074,0.3239117305681029,0.34548171698047997,0.9019329344983485,0.6751867380763921,0.7,0.4605661864718383,0.08932443343215958,0.11539872698859584,0.30763208680773296,0.2581772075949325,0.99,0.09999999999999999,0.0683355184621177,0.09614017316710982
3dof,spline,700,100,0.59,0.9590754602681156,0.7880989096356555,0.67,0.47258156262526085,0.3692835330356257,0.36347794273654593,0.9437931976297516,0.7574486740793333,0.67,0.47258156262526085,0.13560827743025775,0.15196847359934854,0.3430086832966346,0.24050915271423232,1.0,0.0,0.054653477468527806,0.063404768958138
3dof,spline,750,100,0.49,1.2079537315528959,1.5070705954588497,0.51,0.5024183937956914,0.31272029973029936,0.33033346051072193,1.1862612576248122,2.3373685299768163,0.65,0.4793724854411023,0.1166864074133359,0.1573426179212946,0.2899544038478447,0.23409680688488077,0.99,0.09999999999999999,0.06748253074008967,0.06045580090323043
3dof,spline,800,100,0.54,0.9547207138651973,0.5123457840427279,0.62,0.4878317312145635,0.30702804062711914,0.2867496521914214,0.8979169492133237,0.40305458837397096,0.65,0.4793724854411023,0.11810615744820709,0.1381034472130099,0.31109099830423464,0.25618712725426124,1.0,0.0,0.08339706522412593,0.08941609740794676
3dof,spline,850,100,0.48,1.1475862487553044,0.8012846372739008,0.56,0.49888765156985876,0.2962080681781871,0.26496644504762856,1.0185113199800275,0.5329636467097826,0.58,0.49604496374885826,0.11715929425487545,0.15401841967177426,0.32359747923449134,0.23239133891005267,1.0,0.0,0.09025770467706021,0.10526803278552588
3dof,spline,900,100,0.57,1.0767965070029715,0.9014107521182794,0.65,0.47937248544110234,0.3297083998254194,0.31219748421006543,1.0511387728347088,1.3318024702250668,0.66,0.47609522856952324,0.11952531939359842,0.11435277242206147,0.37435273293816157,0.23306572828012717,1.0,0.0,0.07751674925908442,0.06810021947337509
3dof,spline,950,100,0.56,1.018152575982408,0.6259521467809762,0.63,0.4852365870939098,0.32330589966382994,0.3730152114156972,0.9400882384585634,0.6020632092816821,0.66,0.47609522856952335,0.11413879598474372,0.10184115979989693,0.3752477615192862,0.2401337975146846,1.0,0.0,0.09652310376986857,0.09284381236287731
3dof,spline,1000,100,0.58,0.9047092106087387,0.39695058175878595,0.68,0.46882617226215073,0.3504963686127207,0.26402261091822005,0.9346422496730734,0.40368957359610813,0.65,0.47937248544110217,0.12918929201464785,0.09807590729966341,0.370947658773892,0.24813141820301857,1.0,0.0,0.12552618474699553,0.1373073723964431
3dof,zero,50,100,0.79,0.685866045309852,0.48541316105618826,0.81,0.3942772444036626,1.031236566625974,0.7861257657694426,0.6294965789011042,1.5624386497231677,0.98,0.14070529413628968,0.3457806346248561,0.44776837521258195,0.23376694381412097,0.25015634858191127,1.0,0.0,0.480366869661957,0.6311600329423357
3dof,zero,100,100,0.68,0.9835885190502077,0.9839959339503787,0.69,0.4648231987117318,0.7018145635845223,0.5453905182329019,0.35773549617421496,0.2469598974194061,0.98,0.1407052941362897,0.15404200374166938,0.3433041661396847,0.18867403836143437,0.22664013137447458,1.0,0.0,0.042246556535828816,0.04922334231473628
3dof,zero,150,100,0.72,0.9023605701102906,0.984974579948959,0.73,0.44619604333847374,0.6375211369546488,0.5341735641513022,0.35030261435263343,0.20135835372321373,0.99,0.09999999999999999,0.110864653867575,0.2223752292257284,0.15660412257864947,0.2053308370761325,1.0,0.0,0.057152938325889364,0.05296736693691595
3dof,zero,200,100,0.7,0.9180779784135932,0.9969745425898574,0.71,0.45604802157206864,0.6178988644375522,0.6276152126612812,0.4744900379990271,0.4166306349057635,0.97,0.1714466079977653,0.10109317923735409,0.2841007514434373,0.18944562677878887,0.22361958445779032,1.0,0.0,0.05650498418253842,0.15245622154787025
3dof,zero,250,100,0.58,1.4996466487766662,2.719218621439386,0.61,0.4902071300001973,0.4632732701941806,0.43215248410047846,0.6005990407481547,0.5426814358628526,0.93,0.2564323999762428,0.07954716688675377,0.15766705090299052,0.1980775116093305,0.22434021610967733,1.0,0.0,0.08851831713109273,0.15624853853526108
3dof,zero,300,100,0.65,1.0351413400271978,1.411909908304047,0.68,0.4688261722621506,0.6692408416556738,0.8005508949905098,0.5097664576491769,0.38188092355305553,0.89,0.31446603773522014,0.107339216790933,0.22377343109142991,0.16557413563531345,0.21067770765506735,1.0,0.0,0.04866290935780849,0.06264959062256682
3dof,zero,350,100,0.6,1.0145737358903215,0.9948299978244267,0.69,0.4648231987117318,0.5695551887451176,0.8668569651824907,0.6673771843393801,0.5531989539542768,0.81,0.3942772444036626,0.07247240214205888,0.08678571767084216,0.27389432123391866,0.3047995091046518,1.0,0.0,0.059414882998680654,0.06323934192512835
3dof,zero,400,100,0.64,0.8775207189445876,1.413136789394989,0.72,0.451260859854213,0.6164144623069913,0.7249934599170761,0.6355629155996734,0.699466038520681,0.84,0.3684529491774707,0.08708031004776416,0.12497372516466648,0.18288485637344123,0.22681999535453487,1.0,0.0,0.05184137806063513,0.059232033288692296
3dof,zero,450,100,0.7,0.8520197336510664,0.7937713670851568,0.74,0.440844002276808,0.47197208747616254,0.5027592535327287,0.6423358058751235,0.6178753039891463,0.87,0.3379976689896312,0.10674415924491815,0.15475543563394303,0.17545208245588217,0.21581596291614386,1.0,0.0,0.08984142623958175,0.10085580533880886
3dof,zero,500,100,0.64,1.1526636779904214,1.7099721173797167,0.7,0.4605661864718383,0.4518310636268318,0.5914677890317828,0.7726759242522542,0.7590379782624055,0.79,0.4093601807403323,0.08844546478236102,0.14212576456637865,0.1807223941808156,0.19069480066260583,1.0,0.0,0.045001100082881704,0.06824354754908928
3dof,zero,550,100,0.61,1.2666784401586235,1.9997309504119207,0.65,0.4793724854411022,0.4493701019757806,0.5041827384192397,1.0951922564386016,3.532550932601471,0.76,0.42923469599092795,0.08493878713151291,0.09209992577508735,0.22548783013676243,0.2665665281585117,1.0,0.0,0.05289844863698814,0.05740432478034819
3dof,zero,600,100,0.68,1.2369251093956795,1.9641268778765004,0.72,0.4512608598542128,0.38050165079047765,0.34298136765703163,0.7785562799204296,0.7598041945468887,0.78,0.4163331998932266,0.10306293965196169,0.14832229492046173,0.25604317277432004,0.2403154044597916,1.0,0.0,0.052322511533275204,0.07047900666637535
3dof,zero,650,100,0.65,0.860632143717961,0.9401851927429647,0.72,0.45126085985421305,0.3973088945246079,0.4183564864040922,0.8197941664990611,0.9514869982365411,0.78,0.4163331998932266,0.08885702518567715,0.1083916722591957,0.24378917357828903,0.2501646789135722,0.99,0.1,0.058288881757762236,0.08397122760836596
3dof,zero,700,100,0.6,1.0208353757550679,1.0819561780092999,0.69,0.4648231987117318,0.35343685135272,0.319077723336547,1.0302982274352217,2.341051222065162,0.7,0.46056618647183817,0.1308330886815975,0.18818676587595645,0.2936613128993459,0.25679913743372834,1.0,0.0,0.04877929514623243,0.06696592034151781
3dof,zero,750,100,0.62,1.3214565443107986,2.3022975184256644,0.66,0.47609522856952335,0.34559659960390765,0.47567879687187664,1.0507042873456385,1.2244380976778286,0.7,0.46056618647183833,0.10052195495732817,0.13620971971924745,0.27986835773542756,0.24861220673431786,0.99,0.09999999999999999,0.05528294646413992,0.05817023440848923
3dof,zero,800,100,0.59,0.9638309234694548,0.7300052293949197,0.67,0.4725815626252608,0.3340546886884506,0.3193545980678024,0.8793192543020295,0.5299877938803669,0.7,0.4605661864718383,0.10948003680115999,0.13030655903880406,0.25439887822778,0.24003563944019182,1.0,0.0,0.07342532573267813,0.08071500979325849
3dof,zero,850,100,0.62,0.895025476615289,0.6927619028471061,0.67,0.47258156262526085,0.3888333564266525,0.3552126224166193,0.8743383878215063,0.6439559447522036,0.75,0.43519413988924455,0.1295460879568505,0.1534828834491867,0.2643812220629097,0.23326858400875014,1.0,0.0,0.07605883765267203,0.09762438164988425
3dof,zero,900,100,0.58,1.1842069385746898,1.8534104134756137,0.66,0.47609522856952335,0.3620912349148875,0.41202639665911145,1.0554370388992824,1.0843639374554808,0.74,0.4408440022768081,0.12910493774707418,0.1572944841814674,0.28094390559441146,0.2412710136658812,1.0,0.0,0.071314053107053,0.07979361691323045
3dof,zero,950,100,0.58,0.9457616832307627,0.5376458351396671,0.68,0.46882617226215073,0.3692670674316229,0.3870767910680361,0.9159868867981374,0.5326008502359142,0.67,0.47258156262526085,0.13951838932080046,0.15242065990056802,0.3247502290948059,0.24876090122149888,1.0,0.0,0.09003413397353137,0.09904545545275202
3dof,zero,1000,100,0.56,0.8788864396092773,0.44932970366438635,0.68,0.46882617226215056,0.3874860378358237,0.5562690331743059,0.8650967517047284,0.5366565550345626,0.74,0.4408440022768081,0.16881857804906297,0.19523152444171604,0.3274840543767189,0.28332801218198433,0.99,0.1,0.13783399429637935,0.16512866259022682
