combo,system,policy,length,num_samples,seed,gui_nmse_q_mean_old,gui_nmse_p_mean_old,gui_hamres_mean_old,all3_win_count_old,win_nmse_q_count_old,win_nmse_p_count_old,win_hamres_count_old,gui_nmse_q_mean_new,gui_nmse_p_mean_new,gui_hamres_mean_new,all3_win_count_new,win_nmse_q_count_new,win_nmse_p_count_new,win_hamres_count_new,d_gui_nmse_q_mean,d_gui_nmse_p_mean,d_gui_hamres_mean,all3_win_rate_old,all3_win_rate_new,d_all3_win_rate,better_q,better_p,better_h,better_all3
3dof_sinusoidal_L50_N100_seed10,3dof,sinusoidal,50,100,10,96.20897076190948,2.9064385024688635,0.1264421015442349,80,81,99,100,96.34649345821984,2.9175684151477146,0.1264313874882646,80,81,99,100,0.13752269631035574,0.011129912678851106,-1.0714055970306724e-05,0.8,0.8,0.0,False,False,True,False
3dof_sinusoidal_L100_N100_seed10,3dof,sinusoidal,100,100,10,16.67544874489167,0.1142495230179776,0.0064056357723893,70,73,97,100,16.667237427307096,0.1143236647231164,0.0063978654086531,70,73,97,100,-0.008211317584574829,7.414170513880824e-05,-7.77036373619984e-06,0.7,0.7,0.0,True,False,True,False
3dof_sinusoidal_L150_N100_seed10,3dof,sinusoidal,150,100,10,4.801867456004304,0.0519329368429218,0.0069658385527145,69,72,96,100,4.800392576995219,0.0519042915418753,0.0070180045881716,69,72,96,100,-0.0014748790090850505,-2.864530104650098e-05,5.216603545710012e-05,0.69,0.69,0.0,True,True,False,False
3dof_sinusoidal_L200_N100_seed10,3dof,sinusoidal,200,100,10,6.223156250991183,0.1253928482780014,0.0090830993046984,72,77,94,100,6.217032228453953,0.1254744846675715,0.0090345918334787,72,77,94,100,-0.006124022537229656,8.163638957009445e-05,-4.8507471219698395e-05,0.72,0.72,0.0,True,False,True,False
3dof_sinusoidal_L250_N100_seed10,3dof,sinusoidal,250,100,10,6.3708678862844375,0.1364842704710512,0.0169543733003956,61,64,93,100,6.36819489229751,0.1363193436886408,0.0168699500377988,61,64,93,100,-0.002672993986927885,-0.00016492678241039616,-8.442326259679861e-05,0.61,0.61,0.0,True,True,True,False
3dof_sinusoidal_L300_N100_seed10,3dof,sinusoidal,300,100,10,3.161738574103075,0.4147641608868684,0.0067398696599411,73,77,92,100,3.1640090504432004,0.4144790139031605,0.0067031616311578,73,77,92,100,0.002270476340125338,-0.0002851469837079068,-3.6708028783300276e-05,0.73,0.73,0.0,False,True,True,False
3dof_sinusoidal_L350_N100_seed10,3dof,sinusoidal,350,100,10,4.801202466594864,0.0991606004634682,0.0116299270470335,52,59,82,98,4.786342438297383,0.0992391549194035,0.0116364537949266,52,59,82,98,-0.014860028297481342,7.855445593529797e-05,6.526747893099635e-06,0.52,0.52,0.0,True,False,False,False
3dof_sinusoidal_L400_N100_seed10,3dof,sinusoidal,400,100,10,3.1041462781124194,0.2257248075452258,0.0073352176485059,75,82,85,100,3.104404264877856,0.2258597871715441,0.0073401640974043,75,82,85,100,0.0002579867654364243,0.0001349796263182823,4.946448898399819e-06,0.75,0.75,0.0,False,False,False,False
3dof_sinusoidal_L450_N100_seed10,3dof,sinusoidal,450,100,10,10.28979424879422,0.0651936744448703,0.0065560859473771,68,72,80,100,10.343773621993972,0.0652023040009714,0.0065778460347792,68,72,80,100,0.05397937319975199,8.629556101105718e-06,2.1760087402100323e-05,0.68,0.68,0.0,False,False,False,False
3dof_sinusoidal_L500_N100_seed10,3dof,sinusoidal,500,100,10,4.3479243442681,0.3399926183379331,0.0091186332349025,72,76,88,99,4.354279723515002,0.3398049677614079,0.0090796249023696,72,76,88,100,0.006355379246901549,-0.00018765057652520012,-3.9008332532898884e-05,0.72,0.72,0.0,False,True,True,False
3dof_sinusoidal_L550_N100_seed10,3dof,sinusoidal,550,100,10,2.254583107805056,0.173713268998445,0.0078602630607201,68,70,81,100,2.254356117205761,0.1737792416853737,0.0078476772419526,68,70,81,100,-0.00022699059929509602,6.597268692870584e-05,-1.25858187675007e-05,0.68,0.68,0.0,True,False,True,False
3dof_sinusoidal_L600_N100_seed10,3dof,sinusoidal,600,100,10,2.373359686668832,0.1868551185401807,0.0110215822327882,73,75,83,100,2.380516205612176,0.1868868614849951,0.0110205239182687,73,75,83,100,0.007156518943344015,3.174294481439466e-05,-1.0583145195006832e-06,0.73,0.73,0.0,False,False,True,False
3dof_sinusoidal_L650_N100_seed10,3dof,sinusoidal,650,100,10,2.8069345134342685,0.3365524911322315,0.0075275197386508,69,73,79,98,2.798857043793535,0.3365534713331167,0.0075455942048574,69,73,79,98,-0.008077469640733526,9.802008851811372e-07,1.8074466206600102e-05,0.69,0.69,0.0,True,False,False,False
3dof_sinusoidal_L700_N100_seed10,3dof,sinusoidal,700,100,10,2.0005396389331334,0.3245740593337866,0.0084707838782924,60,64,80,100,2.000877299002001,0.3243368373786548,0.0084657457892899,60,64,80,100,0.0003376600688675957,-0.00023722195513176114,-5.038089002500426e-06,0.6,0.6,0.0,False,True,True,False
3dof_sinusoidal_L750_N100_seed10,3dof,sinusoidal,750,100,10,1.753416981686553,1.3620143903224529,0.0123834589537,64,67,71,100,1.7515490949602972,1.3677927504423486,0.0122853660053806,64,67,71,100,-0.0018678867262558185,0.005778360119895742,-9.809294831939971e-05,0.64,0.64,0.0,True,False,True,False
3dof_sinusoidal_L800_N100_seed10,3dof,sinusoidal,800,100,10,2.291762133280413,0.4006675118341066,0.0145503037484013,63,67,75,98,2.291097866961865,0.400310874366634,0.0144811503551318,63,67,75,98,-0.0006642663185476572,-0.00035663746747260916,-6.915339326949918e-05,0.63,0.63,0.0,True,True,True,False
3dof_sinusoidal_L850_N100_seed10,3dof,sinusoidal,850,100,10,2.166234644687876,0.4996281410491531,0.0200271099322708,58,70,69,99,2.1663924064898503,0.4995867273196067,0.0199441896419739,58,70,69,99,0.00015776180197413225,-4.1413729546413425e-05,-8.292029029690132e-05,0.58,0.58,0.0,False,True,True,False
3dof_sinusoidal_L900_N100_seed10,3dof,sinusoidal,900,100,10,1.890983666078483,0.2348904130382759,0.0186230735480785,63,68,76,100,1.8906279488787037,0.234886371301227,0.0186220345669426,63,68,76,100,-0.00035571719977922633,-4.041737048904315e-06,-1.0389811359000356e-06,0.63,0.63,0.0,True,True,True,False
3dof_sinusoidal_L950_N100_seed10,3dof,sinusoidal,950,100,10,1.876773250292748,0.3918629543581455,0.0246697545959614,58,68,70,99,1.8766404564354924,0.391808523670197,0.0246273473475594,58,68,70,99,-0.00013279385725573079,-5.443068794852568e-05,-4.240724840200161e-05,0.58,0.58,0.0,True,True,True,False
3dof_sinusoidal_L1000_N100_seed10,3dof,sinusoidal,1000,100,10,2.214142921596242,0.5683569309205829,0.0251021396543364,60,69,72,98,2.2141962750479447,0.5683085162972218,0.0251227053068578,59,69,72,97,5.335345170287553e-05,-4.841462336113711e-05,2.056565252140166e-05,0.6,0.59,-0.010000000000000009,False,True,False,False
3dof_sinusoidal_L1050_N100_seed10,3dof,sinusoidal,1050,100,10,3.2746406334761584,0.991694565571325,0.0455939998943358,49,61,59,100,3.2742671125199907,0.9917349126598451,0.0456875182094518,49,61,59,100,-0.00037352095616771663,4.034708852018731e-05,9.351831511599656e-05,0.49,0.49,0.0,True,False,False,False
3dof_sinusoidal_L1100_N100_seed10,3dof,sinusoidal,1100,100,10,3.801150944877228,1.9134764792131145,0.1503763426933437,43,56,59,100,3.8015012412800138,1.913354794091848,0.1503681404516101,43,56,59,100,0.00035029640278594343,-0.00012168512126642383,-8.202241733618054e-06,0.43,0.43,0.0,False,True,True,False
3dof_sinusoidal_L1150_N100_seed10,3dof,sinusoidal,1150,100,10,5.824586459037112,1.2881680662962869,0.3339846474677324,40,52,51,100,5.824968762096469,1.2881435436286657,0.3341086883470416,40,52,51,100,0.0003823030593563814,-2.452266762120736e-05,0.00012404087930922847,0.4,0.4,0.0,False,True,False,False
3dof_sinusoidal_L1200_N100_seed10,3dof,sinusoidal,1200,100,10,5.38697709334915,3.387417107271867,0.5253973846137524,37,50,56,100,5.387879925433752,3.387332463528125,0.5255765776336193,37,50,56,100,0.0009028320846020677,-8.464374374206329e-05,0.00017919301986690783,0.37,0.37,0.0,False,True,False,False
3dof_gp_L50_N100_seed10,3dof,gp,50,100,10,81.06505857846432,6.666156749030425,0.1272705552307889,68,70,98,100,81.43200130200823,6.661692332049536,0.1273376674228347,68,70,98,100,0.36694272354391444,-0.004464416980889396,6.711219204580399e-05,0.68,0.68,0.0,False,True,False,False
3dof_gp_L100_N100_seed10,3dof,gp,100,100,10,14.58065756197546,0.3435967147626053,0.0049317115071607,66,67,95,100,14.581839709181365,0.3434723257093313,0.0049319693919824,66,67,95,100,0.0011821472059043714,-0.00012438905327399885,2.578848217003188e-07,0.66,0.66,0.0,False,True,False,False
3dof_gp_L150_N100_seed10,3dof,gp,150,100,10,7.063861868745004,0.0711934089245832,0.0079912803339539,70,72,97,100,7.064058728712078,0.0710691177658082,0.0079665170572116,70,72,97,100,0.0001968599670743032,-0.00012429115877500563,-2.4763276742299778e-05,0.7,0.7,0.0,False,True,True,False
3dof_gp_L200_N100_seed10,3dof,gp,200,100,10,20.05921933361993,0.0318229321541325,0.0079211773451243,71,72,95,100,19.96164699053828,0.031827359575826,0.0079158980400825,71,72,95,100,-0.09757234308164797,4.427421693500855e-06,-5.279305041801241e-06,0.71,0.71,0.0,True,False,True,False
3dof_gp_L250_N100_seed10,3dof,gp,250,100,10,10.311254475810324,0.1879896959693401,0.0186028808014816,59,60,90,100,10.295509425486552,0.1880324865891829,0.018493898937304,59,60,90,100,-0.015745050323772602,4.279061984280297e-05,-0.00010898186417759859,0.59,0.59,0.0,True,False,True,False
3dof_gp_L300_N100_seed10,3dof,gp,300,100,10,5.560005247773306,0.0242003714709275,0.0042764629039447,62,65,87,100,5.560739455265293,0.0241929333929498,0.0042821627788362,62,65,87,100,0.0007342074919867159,-7.438077977699187e-06,5.699874891500027e-06,0.62,0.62,0.0,False,True,False,False
3dof_gp_L350_N100_seed10,3dof,gp,350,100,10,5.01962549177489,0.1364736323382386,0.0084565757311065,62,66,86,100,5.014375187489158,0.136457777902314,0.0084821290208492,62,66,86,100,-0.0052503042857319215,-1.58544359245838e-05,2.5553289742701393e-05,0.62,0.62,0.0,True,True,False,False
3dof_gp_L400_N100_seed10,3dof,gp,400,100,10,10.857036441936192,0.1592927124887952,0.0045740026148268,67,72,78,100,10.945087123308047,0.1592195453317805,0.0045279766840394,67,72,78,100,0.08805068137185579,-7.31671570146919e-05,-4.6025930787400166e-05,0.67,0.67,0.0,False,True,True,False
3dof_gp_L450_N100_seed10,3dof,gp,450,100,10,5.065038781981424,0.2976171242881316,0.0081335257089813,67,74,85,100,5.060826885442983,0.2975095672611103,0.0081553088143118,67,74,85,100,-0.004211896538440563,-0.00010755702702130998,2.1783105330500444e-05,0.67,0.67,0.0,True,True,False,False
3dof_gp_L500_N100_seed10,3dof,gp,500,100,10,2.638443082720222,0.2774982627362334,0.0052655984397279,63,66,80,100,2.638768619294737,0.2775385705095818,0.0052664678383735,63,66,80,100,0.0003255365745151728,4.030777334840252e-05,8.693986456006011e-07,0.63,0.63,0.0,False,False,False,False
3dof_gp_L550_N100_seed10,3dof,gp,550,100,10,3.034834447103002,0.1706592578664485,0.007315245369682,56,58,78,100,3.033466161257561,0.1707586139111502,0.0073809681221609,56,58,78,100,-0.0013682858454413527,9.935604470168169e-05,6.57227524789002e-05,0.56,0.56,0.0,True,False,False,False
3dof_gp_L600_N100_seed10,3dof,gp,600,100,10,3.504984087693661,0.5465862692415495,0.0134208762430353,59,67,73,99,3.504622477001974,0.546525265363787,0.013453904936905,59,66,73,99,-0.0003616106916872752,-6.100387776253324e-05,3.302869386970046e-05,0.59,0.59,0.0,True,True,False,False
3dof_gp_L650_N100_seed10,3dof,gp,650,100,10,3.007386384555023,0.2474027314022302,0.0109898069361224,60,68,73,99,3.0063448639955173,0.2473908186861981,0.0109912220883416,60,68,73,99,-0.001041520559505571,-1.1912716032097537e-05,1.4151522192001886e-06,0.6,0.6,0.0,True,True,False,False
3dof_gp_L700_N100_seed10,3dof,gp,700,100,10,1.8853672890491109,0.3634460047648181,0.0112248727364931,57,67,71,99,1.8856614775801788,0.3632689986960756,0.0112262156308861,57,67,71,99,0.0002941885310678849,-0.00017700606874249125,1.3428943930002962e-06,0.57,0.57,0.0,False,True,False,False
3dof_gp_L750_N100_seed10,3dof,gp,750,100,10,3.709065297741254,0.2378254474290057,0.01433820814942,67,70,74,99,3.7052157167256383,0.2378455662876301,0.0142558387934695,67,70,74,99,-0.0038495810156158328,2.011885862440721e-05,-8.236935595050052e-05,0.67,0.67,0.0,True,False,True,False
3dof_gp_L800_N100_seed10,3dof,gp,800,100,10,2.304410113619145,0.4897839084098843,0.0123231330746784,59,65,70,100,2.304089982580941,0.4896650904080067,0.0123506656673271,59,65,70,100,-0.00032013103820416333,-0.00011881800187757419,2.7532592648699464e-05,0.59,0.59,0.0,True,True,False,False
3dof_gp_L850_N100_seed10,3dof,gp,850,100,10,1.8028306218539771,0.3881475124726882,0.0141514245222788,67,74,75,100,1.802294940738236,0.3880335032115557,0.0141228942887391,67,74,75,100,-0.0005356811157410934,-0.000114009261132475,-2.8530233539698566e-05,0.67,0.67,0.0,True,True,True,False
3dof_gp_L900_N100_seed10,3dof,gp,900,100,10,2.0738983487333305,0.7728511857572474,0.0163091032765805,56,65,68,99,2.073796984755415,0.7724044881521572,0.0163575562043115,56,65,68,99,-0.00010136397791526974,-0.00044669760509019607,4.845292773100057e-05,0.56,0.56,0.0,True,True,False,False
3dof_gp_L950_N100_seed10,3dof,gp,950,100,10,2.451565481630986,2.1112060033978897,0.0314585822424851,50,58,59,100,2.451163002727181,2.1055630573765067,0.0313701556785963,50,58,58,100,-0.0004024789038052923,-0.005642946021382933,-8.842656388879933e-05,0.5,0.5,0.0,True,True,True,False
3dof_gp_L1000_N100_seed10,3dof,gp,1000,100,10,2.872043787157791,0.8030522531807395,0.0330750728794373,50,62,60,99,2.871063083411446,0.8025747841092786,0.0331136630149558,50,62,60,99,-0.0009807037463449575,-0.0004774690714608454,3.859013551850421e-05,0.5,0.5,0.0,True,True,False,False
3dof_gp_L1050_N100_seed10,3dof,gp,1050,100,10,2.576841194009642,1.2399599648658113,0.0393074867269024,48,55,58,100,2.576690533850284,1.2397674356963344,0.0394174464326351,47,54,58,100,-0.00015066015935794042,-0.00019252916947687382,0.0001099597057327012,0.48,0.47,-0.010000000000000009,True,True,False,False
3dof_gp_L1100_N100_seed10,3dof,gp,1100,100,10,1.9790887134629385,1.166165681082947,0.1326885351724922,53,65,61,100,1.9790759130999411,1.1661505624240105,0.132766377441585,53,65,61,100,-1.2800362997333892e-05,-1.511865893655262e-05,7.784226909279823e-05,0.53,0.53,0.0,True,True,False,False
3dof_gp_L1150_N100_seed10,3dof,gp,1150,100,10,6.362744924587186,1.701338184880035,0.3350705274939537,44,58,57,100,6.362701806913838,1.701322383677969,0.3350938511267304,44,58,57,100,-4.3117673347303764e-05,-1.5801202066123565e-05,2.3323632776683922e-05,0.44,0.44,0.0,True,True,False,False
3dof_gp_L1200_N100_seed10,3dof,gp,1200,100,10,7.083664095888761,2.201960819817131,0.5155156072974205,41,47,55,100,7.083157280298472,2.201962918963894,0.5154340220987796,41,48,55,100,-0.000506815590288312,2.099146762635229e-06,-8.158519864087665e-05,0.41,0.41,0.0,True,False,True,False
3dof_zero_L50_N100_seed10,3dof,zero,50,100,10,29.43624829901747,23.49892850315558,0.1747378709260374,77,79,98,100,29.338493824964885,23.34358620035193,0.1748885115678422,77,79,98,100,-0.09775447405258575,-0.1553423028036498,0.00015064064180478343,0.77,0.77,0.0,True,True,False,False
3dof_zero_L100_N100_seed10,3dof,zero,100,100,10,75.37966694053858,0.284557627564371,0.0033331403297779,64,66,98,100,75.32841639688318,0.285087106717811,0.003325034846639,64,66,98,100,-0.05125054365539938,0.0005294791534400378,-8.105483138899985e-06,0.64,0.64,0.0,True,False,True,False
3dof_zero_L150_N100_seed10,3dof,zero,150,100,10,7.367455469225141,0.0634347280262907,0.0051295301658683,61,64,97,100,7.367103360937937,0.0634272518052701,0.0050822979224903,61,64,97,100,-0.00035210828720444454,-7.476221020596974e-06,-4.7232243378000395e-05,0.61,0.61,0.0,True,True,True,False
3dof_zero_L200_N100_seed10,3dof,zero,200,100,10,10.212380412612283,0.4235080613701706,0.013996007314563,66,69,93,100,10.23883888913651,0.4227603087607423,0.0140198991051875,66,69,93,100,0.02645847652422617,-0.0007477526094283315,2.389179062449974e-05,0.66,0.66,0.0,False,True,False,False
3dof_zero_L250_N100_seed10,3dof,zero,250,100,10,60.51404213872,0.2516725286700472,0.0207153161654423,58,60,92,100,60.82574411546387,0.2516636277708917,0.0206298090207565,58,60,92,100,0.3117019767438691,-8.900899155506181e-06,-8.550714468580009e-05,0.58,0.58,0.0,False,True,True,False
3dof_zero_L300_N100_seed10,3dof,zero,300,100,10,5.72973691663088,0.0590447795957007,0.0063679165238863,65,68,89,100,5.733946119048171,0.0589985117870436,0.0063433049834566,65,68,89,100,0.00420920241729128,-4.626780865710223e-05,-2.4611540429700027e-05,0.65,0.65,0.0,False,True,True,False
3dof_zero_L350_N100_seed10,3dof,zero,350,100,10,5.846103599900407,0.1006806853443568,0.0123619162998511,53,64,81,100,5.847150075168444,0.1007372534690932,0.0123549067882413,53,64,81,100,0.0010464752680370282,5.656812473639472e-05,-7.0095116098001925e-06,0.53,0.53,0.0,False,False,True,False
3dof_zero_L400_N100_seed10,3dof,zero,400,100,10,6.87013920060144,0.146147093127941,0.0063275765412254,62,70,84,100,6.864524357114231,0.1463913922376788,0.0063104958135227,62,70,84,100,-0.00561484348720942,0.00024429910973780555,-1.7080727702700228e-05,0.62,0.62,0.0,True,False,True,False
3dof_zero_L450_N100_seed10,3dof,zero,450,100,10,7.931980361069548,1.5079390038424088,0.0087251721567008,68,71,87,100,7.896416022120313,1.506844288535149,0.0087685496010817,68,71,87,100,-0.03556433894923483,-0.001094715307259797,4.3377444380900826e-05,0.68,0.68,0.0,True,True,False,False
3dof_zero_L500_N100_seed10,3dof,zero,500,100,10,5.552298719341675,0.4899233643637304,0.0051292181691678,61,67,79,100,5.550881129302781,0.4904195716866005,0.0051086006456171,62,68,79,100,-0.0014175900388933016,0.0004962073228700903,-2.0617523550699873e-05,0.61,0.62,0.010000000000000009,True,False,True,True
3dof_zero_L550_N100_seed10,3dof,zero,550,100,10,26.12829116717738,0.2870072571765727,0.0070564876616117,59,64,75,100,26.09488856876873,0.286847193755137,0.0070841384748928,59,64,75,100,-0.03340259840864945,-0.00016006342143570773,2.7650813281100174e-05,0.59,0.59,0.0,True,True,False,False
3dof_zero_L600_N100_seed10,3dof,zero,600,100,10,26.48159732450454,0.179011636185601,0.0105057040665997,62,67,77,100,26.48783323672368,0.1790520585736645,0.0105558215927158,62,67,77,100,0.00623591221913955,4.042238806348242e-05,5.011752611609917e-05,0.62,0.62,0.0,False,False,False,False
3dof_zero_L650_N100_seed10,3dof,zero,650,100,10,3.712293944292095,1.0868953255972589,0.0074253780016442,66,75,78,99,3.7120454772555496,1.0817341089831758,0.0074211022962117,66,75,78,99,-0.0002484670365454633,-0.005161216614083086,-4.2757054325003735e-06,0.66,0.66,0.0,True,True,True,False
3dof_zero_L700_N100_seed10,3dof,zero,700,100,10,4.965092459253828,1.2827483394550614,0.0086722209746949,57,66,68,100,4.96297052444929,1.2827484524756687,0.0086636804090812,57,66,68,100,-0.0021219348045384834,1.130206073174378e-07,-8.540565613701298e-06,0.57,0.57,0.0,True,False,True,False
3dof_zero_L750_N100_seed10,3dof,zero,750,100,10,2.231058594007405,2.2262107472373387,0.01217601024342,63,66,70,99,2.22981433206684,2.226132081458015,0.0120871384401107,63,66,70,99,-0.001244261940565039,-7.86657793234724e-05,-8.887180330930007e-05,0.63,0.63,0.0,True,True,True,False
3dof_zero_L800_N100_seed10,3dof,zero,800,100,10,4.84433979955096,1.0093303401056086,0.0100616163347149,59,67,67,100,4.846840137330442,1.0104493784147293,0.0100248888874193,59,67,67,100,0.002500337779482109,0.0011190383091206346,-3.672744729560015e-05,0.59,0.59,0.0,False,False,True,False
3dof_zero_L850_N100_seed10,3dof,zero,850,100,10,3.275231295344489,0.5551145873682788,0.0129926251806318,64,69,74,100,3.2748093787794645,0.5550860545191767,0.0129437263973522,64,69,74,100,-0.00042191656502454933,-2.8532849102091973e-05,-4.889878327959951e-05,0.64,0.64,0.0,True,True,True,False
3dof_zero_L900_N100_seed10,3dof,zero,900,100,10,3.989691465403399,0.9365953260210732,0.0142165798554196,58,64,71,100,3.985687428120492,0.9363289027747196,0.0142208231112454,58,64,71,100,-0.0040040372829071025,-0.0002664232463536198,4.243255825800776e-06,0.58,0.58,0.0,True,True,False,False
3dof_zero_L950_N100_seed10,3dof,zero,950,100,10,3.472002048017332,0.5829277718912382,0.0219229969731532,58,68,65,100,3.471502812892634,0.5827685408146066,0.0218444957968313,58,68,65,100,-0.0004992351246979609,-0.0001592310766316274,-7.850117632189971e-05,0.58,0.58,0.0,True,True,True,False
3dof_zero_L1000_N100_seed10,3dof,zero,1000,100,10,6.555023032853099,0.745268402573736,0.0293585563777014,53,65,73,99,6.548408576088907,0.7452699156979279,0.0292627342126797,53,65,73,99,-0.006614456764192589,1.513124191832027e-06,-9.582216502170005e-05,0.53,0.53,0.0,True,False,True,False
3dof_zero_L1050_N100_seed10,3dof,zero,1050,100,10,2.294605997344587,1.2808888959221527,0.0440756783937104,49,60,59,100,2.294102595093415,1.279766773530117,0.0441946195648051,49,60,59,100,-0.0005034022511720693,-0.0011221223920356849,0.00011894117109470526,0.49,0.49,0.0,True,True,False,False
3dof_zero_L1100_N100_seed10,3dof,zero,1100,100,10,4.964355413106908,0.9840180954907104,0.1544322683289647,44,52,61,99,4.9642364643530525,0.9838916967782808,0.1545060440711677,44,52,61,99,-0.00011894875385554116,-0.00012639871242958733,7.377574220299166e-05,0.44,0.44,0.0,True,True,False,False
3dof_zero_L1150_N100_seed10,3dof,zero,1150,100,10,9.904049248419064,1.935982002758423,0.3565433537214994,41,52,55,100,9.901652069048096,1.9360923552578588,0.356547912415117,41,52,55,100,-0.002397179370968061,0.0001103524994359173,4.558693617595644e-06,0.41,0.41,0.0,True,False,False,False
3dof_zero_L1200_N100_seed10,3dof,zero,1200,100,10,16.10356069423521,2.019790289823948,0.5458272138237953,48,56,60,100,16.101309415288167,2.0198430472792817,0.5456569758057594,48,56,60,100,-0.0022512789470425787,5.275745533372955e-05,-0.00017023801803583982,0.48,0.48,0.0,True,False,True,False
3dof_spline_L50_N100_seed10,3dof,spline,50,100,10,494.72732757773525,196.8252511201282,0.1143862708075903,71,73,98,99,484.5065154301862,196.9181202757601,0.1143123296415433,71,73,98,99,-10.220812147549054,0.09286915563188813,-7.394116604700351e-05,0.71,0.71,0.0,True,False,True,False
3dof_spline_L100_N100_seed10,3dof,spline,100,100,10,16.91791400156626,0.0533567824190255,0.004184832307219,73,75,94,100,16.943741637465696,0.0533808861871835,0.0041825069297919,73,75,94,100,0.02582763589943582,2.4103768158000027e-05,-2.32537742710006e-06,0.73,0.73,0.0,False,False,True,False
3dof_spline_L150_N100_seed10,3dof,spline,150,100,10,10.368908946365186,0.4433687876002334,0.0060947960751946,64,70,93,98,10.384708466522827,0.442212523086166,0.0060949220237671,64,70,93,98,0.015799520157640856,-0.0011562645140674177,1.2594857250018687e-07,0.64,0.64,0.0,False,True,False,False
3dof_spline_L200_N100_seed10,3dof,spline,200,100,10,5.052246064334869,0.0768756626182989,0.0066094265825813,68,68,96,100,5.049460574374511,0.0768361692403407,0.0065704919677227,68,68,96,100,-0.0027854899603578787,-3.9493377958194076e-05,-3.8934614858599816e-05,0.68,0.68,0.0,True,True,True,False
3dof_spline_L250_N100_seed10,3dof,spline,250,100,10,6.09580762770102,0.0643769802143671,0.0142857684614136,56,59,86,100,6.0994575265245405,0.0643840910770585,0.0141595890413736,56,59,86,100,0.0036498988235207364,7.110862691409037e-06,-0.00012617942004000161,0.56,0.56,0.0,False,False,True,False
3dof_spline_L300_N100_seed10,3dof,spline,300,100,10,6.818801993492198,0.0585821203863069,0.0058606522681657,68,75,86,100,6.823435327435,0.0586015631674902,0.0059025638343882,68,75,86,100,0.004633333942801521,1.9442781183300062e-05,4.191156622249982e-05,0.68,0.68,0.0,False,False,False,False
3dof_spline_L350_N100_seed10,3dof,spline,350,100,10,11.814366735887834,0.2245723646972827,0.0110914081375813,70,74,87,100,11.81117282989606,0.2244050117487456,0.0110574324330082,70,74,87,100,-0.0031939059917736046,-0.0001673529485370917,-3.397570457309984e-05,0.7,0.7,0.0,True,True,True,False
3dof_spline_L400_N100_seed10,3dof,spline,400,100,10,2.1805630545549084,0.0720224937798181,0.0055547139531699,73,78,85,100,2.179279959710635,0.0720361441336977,0.005555456628208,73,78,85,100,-0.001283094844273247,1.3650353879596233e-05,7.42675038099827e-07,0.73,0.73,0.0,True,False,False,False
3dof_spline_L450_N100_seed10,3dof,spline,450,100,10,5.220345127741244,0.0913666585498459,0.0085824659123318,63,66,78,100,5.215808324281676,0.0913560735468605,0.0086116140341619,63,66,78,100,-0.004536803459568084,-1.0585002985397107e-05,2.9148121830101237e-05,0.63,0.63,0.0,True,True,False,False
3dof_spline_L500_N100_seed10,3dof,spline,500,100,10,4.531853905584567,0.4722848726634123,0.0069732338399626,68,73,79,100,4.528961971317256,0.4719291577663204,0.0070000837306724,68,73,79,100,-0.002891934267311491,-0.00035571489709190773,2.6849890709799984e-05,0.68,0.68,0.0,True,True,False,False
3dof_spline_L550_N100_seed10,3dof,spline,550,100,10,3.9009214813676474,0.4470305276068088,0.0102121186314616,52,61,69,100,3.903631949810341,0.4471177679405461,0.010218870579265,52,61,69,100,0.0027104684426935144,8.7240333737304e-05,6.7519478034010205e-06,0.52,0.52,0.0,False,False,False,False
3dof_spline_L600_N100_seed10,3dof,spline,600,100,10,2.9769261002659007,0.2356672362795359,0.01602115242742,64,70,78,100,2.9768729573760737,0.2357146104523036,0.0160399930994026,64,70,78,100,-5.3142889826940376e-05,4.7374172767705724e-05,1.8840671982600643e-05,0.64,0.64,0.0,True,False,False,False
3dof_spline_L650_N100_seed10,3dof,spline,650,100,10,2.6479632422050865,0.394974987536591,0.0112383478961419,60,66,69,99,2.647154716033352,0.3948519974314273,0.011241068013478,60,66,69,99,-0.0008085261717343251,-0.00012299010516370057,2.720117336100364e-06,0.6,0.6,0.0,True,True,False,False
3dof_spline_L700_N100_seed10,3dof,spline,700,100,10,5.901994224320008,0.9841548858424362,0.0127886942028999,59,68,67,100,5.902144694133529,0.9852013876737284,0.0127941242937231,59,68,67,100,0.00015046981352107025,0.0010465018312922902,5.4300908232003675e-06,0.59,0.59,0.0,False,False,False,False
3dof_spline_L750_N100_seed10,3dof,spline,750,100,10,4.900186859984339,0.8250344164686477,0.0142655404447577,46,49,63,98,4.90226501677858,0.8257015780154495,0.0142461704020388,45,48,63,99,0.0020781567942416146,0.0006671615468017977,-1.9370042718899055e-05,0.46,0.45,-0.010000000000000009,False,False,True,False
3dof_spline_L800_N100_seed10,3dof,spline,800,100,10,2.876212434217814,0.5400225259861895,0.016899931798689,53,59,65,100,2.876947975082582,0.5399355302677455,0.0169388196524232,53,59,65,100,0.000735540864768236,-8.69957184439496e-05,3.888785373419926e-05,0.53,0.53,0.0,False,True,False,False
3dof_spline_L850_N100_seed10,3dof,spline,850,100,10,2.926229710513807,1.0309414668345769,0.0187601987156085,46,56,58,100,2.926613537072555,1.0311925874761847,0.018769971106667,46,56,58,100,0.00038382655874791283,0.000251120641607816,9.772391058503194e-06,0.46,0.46,0.0,False,False,False,False
3dof_spline_L900_N100_seed10,3dof,spline,900,100,10,3.5842475390039694,0.4848980002816539,0.0208714397205039,55,63,64,100,3.5852079648755857,0.4847990246241174,0.0209087030007503,55,63,64,100,0.0009604258716162661,-9.897565753652637e-05,3.726328024639819e-05,0.55,0.55,0.0,False,True,False,False
3dof_spline_L950_N100_seed10,3dof,spline,950,100,10,6.860811200667281,0.5213222290611124,0.0275224275374785,52,61,64,100,6.863000362663948,0.5212838736279631,0.02742380653508,52,61,64,100,0.0021891619966671882,-3.8355433149228624e-05,-9.862100239850166e-05,0.52,0.52,0.0,False,True,True,False
3dof_spline_L1000_N100_seed10,3dof,spline,1000,100,10,2.4187043476571644,0.5470425705483976,0.0321997172199189,53,66,63,100,2.4183330025399523,0.5470860211689369,0.0321799538377672,53,66,63,100,-0.0003713451172120408,4.3450620539342566e-05,-1.9763382151698206e-05,0.53,0.53,0.0,True,False,True,False
3dof_spline_L1050_N100_seed10,3dof,spline,1050,100,10,3.3107482501397483,0.5809797263679328,0.0496818944253027,47,53,61,99,3.3113698706708954,0.5809305717125719,0.0497849419433623,47,53,61,99,0.0006216205311471157,-4.915465536092789e-05,0.00010304751805959717,0.47,0.47,0.0,False,True,False,False
3dof_spline_L1100_N100_seed10,3dof,spline,1100,100,10,3.5751713496080937,4.320775491294112,0.146664056237787,42,51,53,100,3.5752434882862696,4.321354679217364,0.1467386237904429,42,51,53,100,7.213867817590369e-05,0.0005791879232512898,7.456755265589088e-05,0.42,0.42,0.0,False,False,False,False
3dof_spline_L1150_N100_seed10,3dof,spline,1150,100,10,4.144484891125279,1.0908778142474147,0.3532807755470276,35,54,44,100,4.144380957689452,1.09088948202555,0.3533470036834478,35,54,44,100,-0.00010393343582659753,1.1667778135215912e-05,6.622813642020997e-05,0.35,0.35,0.0,True,False,False,False
3dof_spline_L1200_N100_seed10,3dof,spline,1200,100,10,6.8567674428118,2.567561149303324,0.5415506083704531,43,56,56,100,6.856578742200155,2.567531368883468,0.5416736373864114,43,56,56,100,-0.00018870061164477647,-2.978041985590707e-05,0.00012302901595828697,0.43,0.43,0.0,True,True,False,False
