trajectory_length,unguided_mse_qpos_mean,unguided_mse_qpos_std,unguided_mse_mom_mean,unguided_mse_mom_std,unguided_mse_total_mean,unguided_mse_total_std,unguided_mse_energy_mean,unguided_mse_energy_std,guided_mse_qpos_mean,guided_mse_qpos_std,guided_mse_mom_mean,guided_mse_mom_std,guided_mse_total_mean,guided_mse_total_std,guided_mse_energy_mean,guided_mse_energy_std,unguided_nmse_q_mean,unguided_nmse_q_std,unguided_nmse_p_mean,unguided_nmse_p_std,guided_nmse_q_mean,guided_nmse_q_std,guided_nmse_p_mean,guided_nmse_p_std
50,0.0007690501410105,0.0031793356028097,0.0056823099374859,0.0273714443989688,0.0064513600784964,0.0296064118355203,0.1519391,1.4400914,0.0003657582759881,0.0021014802619428,0.0008637603893856,0.0046938201949369,0.0012295186653737,0.0063889937262944,0.0164672,0.08541133,0.00034230535853287786,0.0014151269928721838,0.0003257321807911405,0.0015690380098175838,0.00016279955118916553,0.0009353719818176003,4.951411633840931e-05,0.00026906809117398424
100,0.0003418940772567,0.0017634205476921,0.0013888125349303,0.0051527009685882,0.001730706612187,0.0061560480520476,0.033656463,0.34347227,0.0001340597256211,0.0009782581687454,0.000209245390014,0.0012596433361317,0.0003433051156352,0.0019552743683378,0.009205911,0.06674681,0.00015217756093490435,0.0007849011015443617,7.961215433332585e-05,0.000295372927898659,5.967018273119767e-05,0.00043542416200602287,1.1994762334261019e-05,7.220767177630292e-05
150,0.0006464811526261,0.0027364994128681,0.001593521976617,0.004472425484385,0.0022400031292432,0.0064303456428414,0.035058968,0.45602593,0.0001728812281222,0.0009495364685308,0.0002389671117445,0.0007493907777804,0.0004118483398668,0.0016283953245775,0.0077394266,0.016256068,0.0002877497199904992,0.0012180199478489342,9.134689840795968e-05,0.0002563768823738531,7.694969108024122e-05,0.0004226400906362236,1.3698527412662678e-05,4.2958003874596706e-05
200,0.0014568816722939,0.0084561664597016,0.0027792602198848,0.0142660154742376,0.0042361418921787,0.0219241109902768,0.066852026,1.3808675,0.00031056609267,0.0014748176205306,0.0005018765687724,0.001721218798455,0.0008124426614424,0.0029182338620034,0.011218418,0.10736721,0.000648460193400749,0.003763852234652061,0.00015931804184720027,0.0008177836800080567,0.00013823342852505618,0.0006564435105661598,2.8769523491803425e-05,9.86669785716603e-05
250,0.0017023588048345,0.0109525869666505,0.0034431528965133,0.0152524416576202,0.0051455117013479,0.0253979844701164,0.06513054,0.7284802,0.0003642697617677,0.001421635608519,0.0007520667615162,0.0022398523480021,0.001116336523284,0.0032630867460898,0.026104767,0.32096198,0.0007577224292226206,0.004875012705355758,0.0001973749609080334,0.0008743294783607698,0.00016213701130168067,0.0006327721181323575,4.311140170534041e-05,0.0001283970775954688
300,0.0034240367003203,0.0254040852765132,0.0080118273634142,0.074261131989141,0.0114358640637345,0.097199720165304,0.06682358,0.75763524,0.0006839512357756,0.0043401735035059,0.0014918310152655,0.007279600389136,0.0021757822510412,0.0100406635304081,0.055277403,1.1443552,0.0015240438143510724,0.011307396039678936,0.00045926921057067325,0.004256937889161321,0.0003044277095815202,0.0019318176643988156,8.551757565503234e-05,0.00041729510289444474
350,0.0058490750703861,0.0474490224676583,0.0129814501855121,0.0776974897830592,0.0188305252558982,0.1201261450800724,0.08082569,0.7970437,0.0016102454470056,0.0213230200346357,0.0035462923878716,0.0339664001504724,0.0051565378348773,0.0551454078671289,0.034419347,0.5268649,0.0026034319900435413,0.02111963028377443,0.000744147384651333,0.004453923328270762,0.0007167226370167983,0.009490907846878682,0.00020328731905382865,0.0019470866102620703
400,0.0049540489973308,0.0272149022893801,0.0172859944064503,0.1018241180933721,0.0222400434037811,0.1268374750511866,0.14995056,2.302492,0.0009363388094578,0.0041815323168218,0.0038473156037459,0.0214122086339147,0.0047836544132038,0.0248089863027967,0.110703275,2.0950203,0.002205054557291357,0.01211339337817806,0.000990900657848969,0.005836955817014693,0.0004167657930061081,0.0018612062368856116,0.00022054314452872012,0.0012274313598891454
450,0.0071608994121513,0.0540395186013974,0.0296396130638603,0.2397356359686513,0.0368005124760117,0.2911066110071085,0.16842166,2.2323723,0.0012342575706055,0.0053684673335911,0.0051594161025433,0.0207864287512472,0.0063936736731488,0.0242962815303713,0.12471724,2.4253554,0.003187326950455443,0.024053069888901955,0.00169905828920138,0.013742582220351395,0.0005493698755101927,0.0023895127734874892,0.0002957578655827283,0.0011915592149130663
500,0.0059136191996159,0.0244828378477189,0.0219518058627586,0.0726774082531254,0.0278654250623745,0.0934531311223611,0.16146448,1.895689,0.0015108949541609,0.0075031358599967,0.006745134675652,0.0256020746269016,0.008256029629813,0.0321752003923545,0.06601257,0.7840172,0.00263216067770514,0.010897347442591923,0.001258363178820857,0.004166152664142198,0.0006725015852802525,0.0033396569010472324,0.00038665744244886503,0.0014676108295296373
550,0.0093137528776652,0.0508186363858718,0.0508565305291626,0.4256903376714182,0.0601702834068278,0.4682020305907811,0.27851602,2.9668849,0.0020674606148624,0.0109607718293696,0.0093650717570084,0.0259563721727422,0.0114325323718709,0.0345251048922549,0.07017949,0.77491355,0.004145565221386887,0.022619450437081835,0.0029152947971832544,0.024402231408865684,0.0009202297864391335,0.00487865579989303,0.0005368424602381931,0.001487920547500894
600,0.0128465748534748,0.1095816266294233,0.0644565099302887,0.3935780407374811,0.0773030847837635,0.4996375965005957,0.7213626,16.750673,0.00234650673827,0.009636585701081,0.0141425423563168,0.0495998517997959,0.0164890490945868,0.0556916664566159,0.107343726,1.5056748,0.0057180295232246835,0.048774944560459506,0.003694898690279483,0.022561429230600144,0.0010444336298904074,0.00428925858996273,0.0008107057190358647,0.0028432570682360783
650,0.0160388849960724,0.1198004451507224,0.0778729926464853,0.4532337819364247,0.0939118776425577,0.545978979193044,0.25609225,2.1360493,0.0023231243212507,0.0090870913198183,0.0172738623879072,0.049388059336501,0.0195969867091579,0.0571396226705495,0.09669287,1.4006433,0.007138931503002222,0.053323355842355286,0.0044639838373010336,0.025981129122232816,0.001034026081390852,0.004044677825771228,0.0009902052032009618,0.0028311162977214207
700,0.0268071144081444,0.2270106862216515,0.1448489614060094,0.7841428829312788,0.1716560758141538,0.9350934580103284,0.9874758,21.137997,0.0044335893994876,0.0246511809176586,0.028192777059761,0.0824143502331498,0.0326263664592487,0.1010957067612752,0.07354732,0.72738975,0.01193188638734865,0.10104279317313863,0.008303307739842598,0.04495013016169029,0.001973397218268567,0.010972277192733465,0.0016161200031791078,0.004724312176784591
750,0.0210394533148869,0.1745482620225636,0.1511542524069891,0.688002097183881,0.172193705721876,0.7864680359280587,0.21868896,2.454623,0.0045087222548042,0.0225326726189347,0.0419977114122905,0.1427519163583063,0.0465064336670947,0.1596682988578622,0.06619695,0.5602251,0.009364691879290322,0.0776916903420847,0.008664751626372409,0.039438965133911236,0.0020068389636181674,0.01002932600648609,0.002407472713925031,0.008183096934004751
800,0.0216674310891628,0.1298022637130473,0.1938351712508524,1.1346568994516366,0.2155026023400153,1.250547225747638,0.48488778,7.3133,0.0053212236815217,0.0429146666551416,0.0555907760409531,0.2919671196369512,0.0609119997224748,0.3340414485864045,0.18645093,3.598759,0.009644205718130195,0.05777518012062516,0.011111388456487375,0.06504296146711419,0.0023684845538726154,0.019101381785594937,0.0031866802252788007,0.016736694697214925
850,0.0279972072773899,0.1505114385302486,0.2463148197589065,0.8459782892978002,0.2743120270362965,0.9643632498778896,0.6283415,8.422808,0.00579146821015,0.0307108546998131,0.0712148209859518,0.1829572460248776,0.0770062891961018,0.2029014550913565,0.12643349,1.1464776,0.01246159848877188,0.06699286455067763,0.014119726710427155,0.04849477696685646,0.0025777910911014236,0.01366944698177633,0.0040823114542513144,0.010487823331508037
900,0.0361428691580275,0.1930583170286926,0.3922943886125901,1.6526232829904453,0.4284372577706176,1.8028723167608407,0.6261459,7.090524,0.0108615032205296,0.0603805228568692,0.1392696391866937,0.5280604596218017,0.1501311424072234,0.5807247263215296,0.19791256,1.9635059,0.01608724467469616,0.08593054328216859,0.022487845281358027,0.09473481593171679,0.0048344711948484385,0.026875460288929388,0.007983479216965817,0.030270486297740474
950,0.0391695762172212,0.1707250181917649,0.3949758124749444,1.451819437072401,0.4341453886921657,1.5755781403819382,0.7029266,7.076707,0.0112181320283985,0.0658152846506679,0.138764513317185,0.3870589845038236,0.1499826453455835,0.4324384544669225,0.30900788,3.7083535,0.017434436476403595,0.07598995884179453,0.022641554961385885,0.08322395584810224,0.004993207206235569,0.029294480824993044,0.007954523430875438,0.022187731486715927
1000,0.0463755362940777,0.2111006944100815,0.6074906461612014,2.219044948821139,0.6538661824552792,2.361402499543414,0.53124994,3.8671944,0.0093021276524403,0.0238023717971836,0.1826766753985979,0.4699806854334672,0.1919788030510382,0.4875990418320008,0.24995546,2.5470655,0.020641819995559977,0.0939612322177519,0.03482373456592154,0.12720431627368758,0.004140390816395027,0.010594470994130604,0.010471739928284795,0.02694112698535606
1050,0.057718877007635,0.3702399994999769,0.6522730004540351,1.8932021341901963,0.7099918774616703,2.0794698942618344,20.667456,607.09076,0.0136077620801612,0.0511866974722416,0.2875700518576577,0.7359592511967842,0.3011778139378191,0.7684564294163191,0.26227692,1.2227095,0.025690757773287796,0.1647943729722582,0.03739083387680851,0.10852573453975631,0.006056835086928464,0.022783274972587763,0.01648463761257983,0.0421880563543861
1100,0.0398795176722929,0.1506605067729479,0.6771869260716177,1.6836746821593702,0.7170664437439106,1.7959698620111433,1.5264096,26.414257,0.0170590806994076,0.0462372064562155,0.3661857261251066,0.6185964834922502,0.3832448068245143,0.6485820374178437,0.43368343,3.6729105,0.01775043247114635,0.06705921504662318,0.038818997319627326,0.09651480330994579,0.007593022123862128,0.0205802491795362,0.020991194858704283,0.035460364502189104
1150,0.0574345220985945,0.2598264414538292,0.8875390719884149,1.897511093019421,0.9449735940870094,2.0882309493743576,1.1217816,11.742905,0.0255388651201411,0.0742261562979698,0.5971586619672177,0.9050819584546186,0.6226975270873588,0.9519122504424912,0.47185916,2.6354666,0.025564190981476543,0.11564913450417078,0.05087720322134378,0.1087727408755289,0.011367386748003146,0.03303817227145803,0.03423146491142696,0.05188282993457727
1200,0.0705944405826527,0.2477143565420822,1.289787739022764,2.094000230461502,1.360382179605417,2.235855416673451,1.8232073,13.431672,0.0440429153495588,0.105409093151056,1.0324451038533065,1.421132816436652,1.0764880192028652,1.4873967805729784,0.7181239,1.0545584,0.03142169021947159,0.11025802754351342,0.07393566658833836,0.12003626503118185,0.01960356695306565,0.0469177437199184,0.05918378246260657,0.08146487899894053
1250,0.0838967281208444,0.2808540127191788,1.7782786482874826,2.520484682252777,1.8621753764083269,2.6773030973621506,8.699538,223.73358,0.0566297313448015,0.1001046393269813,1.4518847679951428,1.7769972791538728,1.5085144993399444,1.8479879590630828,1.1988987,1.5084745,0.037342558134644335,0.12500853766558684,0.10193787183971968,0.14448401816042247,0.025205977423178403,0.04455672345447098,0.08322770087154727,0.10186441876044716
1300,0.1040901614668779,0.2131895850829004,2.482387972249199,3.0728185390155107,2.5864781337160774,3.215304264287614,2.3946154,4.7315087,0.0821762180127388,0.136396952299471,2.091355392758022,2.3974655424707416,2.173531610770761,2.503650658849112,2.0265942,2.393241,0.046330685270855855,0.09489100055477571,0.14230016607087534,0.1761459503090423,0.036576756533411046,0.06071048579266147,0.1198846526125579,0.13743208098679097
1350,0.1203314150865829,0.2692349240240539,3.00825635868392,3.377465980172675,3.1285877737705023,3.549151512361273,4.1056266,6.891834,0.0860635452235073,0.1273473792576443,2.4287796230624408,2.6813979804610635,2.514843168285948,2.790553009225609,3.3905451,2.8797536,0.05355969134842007,0.11983686405223301,0.17244499417898218,0.19360953052066113,0.03830701164118373,0.056682507408076975,0.1392271262892858,0.15370819637673266
1400,0.1192790578844827,0.2893166860117636,3.094012082995909,3.807624612818361,3.213291140880393,4.017373363276398,8.3715925,31.372583,0.0736419959596661,0.1333961098231937,2.2533773868094813,2.7273720034819746,2.3270193827691474,2.847332751966815,6.1862373,5.1196766,0.05309128559675316,0.1287752861012071,0.1773608469576546,0.21826790203494145,0.03277816163836589,0.05937480635517631,0.12917238560127645,0.15634360678959183
1450,0.133395581121938,0.5449658937744819,3.387037979765405,3.9434668996700313,3.5204335608873434,4.228165764651693,446.45322,13731.963,0.0791256149862739,0.1090922533847449,2.733841736929512,2.938185563049607,2.812967351915786,3.04249543516207,10.6619835,6.4864535,0.05937457102946315,0.24256512769317254,0.1941582348919773,0.2260549120408454,0.03521892860122516,0.048557123803342254,0.1567144771588938,0.1684282627224377
1500,0.1893663503215611,0.4338409698994659,5.472014718796723,5.688231715500818,5.661381069118284,5.995245338637441,44.527725,697.951,0.1481473067210864,0.1459979351012319,5.437998849303535,4.319972211489257,5.586146156024621,4.461122816284272,18.910875,9.1333,0.08428724342435237,0.1931032592394526,0.3136772381802693,0.3260716402166525,0.06594058597558898,0.06498389747932534,0.3117273157942291,0.247637665823647
